

CREATE TABLE `administrativo` (
  `id` int(11) NOT NULL AUTO_INCREMENT,
  `apellidoAdm` varchar(255) DEFAULT NULL,
  `contraseniaAdm` varchar(255) DEFAULT NULL,
  `dniAdm` int(11) NOT NULL,
  `emailAdm` varchar(255) DEFAULT NULL,
  `fechaAltaAdm` date DEFAULT NULL,
  `fechaBajaAdm` date DEFAULT NULL,
  `fechaNacAdm` date DEFAULT NULL,
  `legajoAdm` varchar(255) NOT NULL,
  `nombreAdm` varchar(255) DEFAULT NULL,
  `permiso_id` int(11) DEFAULT NULL,
  PRIMARY KEY (`id`),
  KEY `FKrmoejtr2yebukeu2kuvo3xwg7` (`permiso_id`)
) ENGINE=MyISAM AUTO_INCREMENT=18 DEFAULT CHARSET=utf8mb4;

INSERT INTO administrativo VALUES("1","admin","$2y$10$TNPmQGaxFNd2BjDLhR5YkuJzu1u530Pj9BAdPgsbSJF7kkdIy0Uka","11111111","admin@dayclass.com","2020-07-30",NULL,NULL,"12345","admin","3");
INSERT INTO administrativo VALUES("3","Belgrano","$2y$10$jAbn77SvQghX0tLqK61iJ.WYRyxobac9Q.OeOuLFn6eL6CXaqAL7m","2358796","abelgrano@mail.com","2020-08-30",NULL,"1970-07-17","AD78517","Ana","3");
INSERT INTO administrativo VALUES("4","Juarez","$2y$10$.Khvk2Yg9Qc.hn8mGOreYeu7rcDT7ptJAdcDIXUIZ2z3ekYmVny8O","2564895","pjuarez@mail.com","2020-08-30",NULL,"1970-06-18","AD78519","Pedro","3");
INSERT INTO administrativo VALUES("5","Rodriguez","$2y$10$uy.2xCN6qnEqdL/x5OYPOu9.BNenA1szWS.4Y.OABnZE9b3TxQw/e","21546987","drodriguez@mail.com","2020-08-31",NULL,"1953-10-06","AD96541","Diego","3");
INSERT INTO administrativo VALUES("6","Noya","$2y$10$R4OsbbLH8XYcLw8GaQhxhuP9ibvbmwN/r1bRK52L4gNNLKbiqgJ/W","15698735","rnoya@mail.com","2020-08-31",NULL,"1965-06-17","15698735","Rodrigo","3");
INSERT INTO administrativo VALUES("7","sgroi","$2y$10$l9PjPmh6O4vQn9m7X0K/pOjFLzmZ4jtx5qw8ST91rXEt46f79q3du","5236974","lucasSgroi@mail.com","2020-09-04",NULL,"1985-06-03","96548","Lucas","3");
INSERT INTO administrativo VALUES("8","Hacha","$2y$10$wCF0iz5kgq5ioneRiAbv3OKRtYRZ9Nyw6KtONFVbT6505UNLqmdW.","4523178","mhacha@mail.com","2020-09-06","2020-10-23","1970-06-18","AD78787","Marina","3");
INSERT INTO administrativo VALUES("9","Estebanez","$2y$10$qSg17bK4yFiMyz1DIZDtJusgGhL5fJEmo/89jpOJf8bUSVPyqWgeG","45213985","pestebanez@mail.com","2020-09-06",NULL,"1990-02-22","AD12457","Pedro","3");
INSERT INTO administrativo VALUES("10","Seguro","$2y$10$zt5cyY4CSJvQqtEZngTSN.wQ5V3GOwx6f9gkf33EUAPA1pWzZdN/e","7854236","pseguro@mail.com","2020-09-06",NULL,"1969-08-22","AD89542","Pascual","3");
INSERT INTO administrativo VALUES("12","Fernandez","$2y$10$ewoAwCMmfu6qebGfmYo6hOa/viZnsjvYJeKoaY9hVAfqTAQXWjkXe","4521369","efernandez@mail.com","2020-09-06",NULL,"1990-06-06","AD30000","Emilia","3");
INSERT INTO administrativo VALUES("14","Fernandez","$2y$10$CKwwvmfDkou63vl.hCRiVuy4Jwsatyd66/W/sNBvRuyGjjmliSIzW","1000000","lfernandez@mail.com","2020-09-06",NULL,"1988-10-22","AD10000","Lucas","3");
INSERT INTO administrativo VALUES("15","Arias","$2y$10$1GUauTxLWtHwN/YyL2cBtO1hgFigOoVxO9tMLyOJqn7TgypviWuNi","10101010","warias@mail.com","2020-09-09",NULL,"2011-02-09","AD10101","Wilfredo","3");
INSERT INTO administrativo VALUES("16","liz","$2y$10$znV8YvjDLMVA7BjV1M74t.5082lIWeGONTWZRYVkpzxTCJj3v87qe","7513689","diegoL@mail.com","2020-09-15",NULL,"1990-02-13","AD90000","Diego","3");
INSERT INTO administrativo VALUES("17","lopez","$2y$10$9yeUVnwC0BHQUAoE.rTg1.qiuUs60IbgejMajGnpE/Gi/CFhkNsZ.","2000033","juall@mail.com","2020-09-22",NULL,"1990-02-02","AD85236","juan","3");





CREATE TABLE `alumno` (
  `id` int(11) NOT NULL AUTO_INCREMENT,
  `apellidoAlum` varchar(255) DEFAULT NULL,
  `contraseniaAlum` varchar(255) DEFAULT NULL,
  `dniAlum` int(11) NOT NULL,
  `emailAlum` varchar(255) DEFAULT NULL,
  `fechaAltaAlumno` date DEFAULT NULL,
  `fechaBajaAlumno` date DEFAULT NULL,
  `fechaNacAlumno` date DEFAULT NULL,
  `legajoAlumno` varchar(255) NOT NULL,
  `nombreAlum` varchar(255) DEFAULT NULL,
  `permiso_id` int(11) DEFAULT NULL,
  PRIMARY KEY (`id`),
  KEY `FKctdmkskdhf5bla743m05m1u3x` (`permiso_id`)
) ENGINE=MyISAM AUTO_INCREMENT=1856 DEFAULT CHARSET=utf8mb4;

INSERT INTO alumno VALUES("1614","Alfaro",NULL,"46586634",NULL,"2020-09-08",NULL,NULL,"AL41097","Cristina","1");
INSERT INTO alumno VALUES("1615","Allison",NULL,"9190607",NULL,"2020-09-08",NULL,NULL,"AL41098","Cameron","1");
INSERT INTO alumno VALUES("1616","Alvarado",NULL,"44685116",NULL,"2020-09-08",NULL,NULL,"AL41099","Maite","1");
INSERT INTO alumno VALUES("1617","Andrada",NULL,"18147102",NULL,"2020-09-08",NULL,NULL,"AL41100","Pamela ","1");
INSERT INTO alumno VALUES("1618","Antares",NULL,"43677391",NULL,"2020-09-08",NULL,NULL,"AL41101","Hugo","1");
INSERT INTO alumno VALUES("1619","Atkinson",NULL,"12004396",NULL,"2020-09-08",NULL,NULL,"AL41102","Libby","1");
INSERT INTO alumno VALUES("1620","Barker",NULL,"7366016",NULL,"2020-09-08",NULL,NULL,"AL41103","Nissim","1");
INSERT INTO alumno VALUES("1621","Barr",NULL,"42906639",NULL,"2020-09-08",NULL,NULL,"AL41104","Omar","1");
INSERT INTO alumno VALUES("1622","Barrera",NULL,"30388106",NULL,"2020-09-08",NULL,NULL,"AL41105","Ainsley","1");
INSERT INTO alumno VALUES("1623","Barrera",NULL,"41989681",NULL,"2020-09-08",NULL,NULL,"AL41106","Ezra","1");
INSERT INTO alumno VALUES("1624","Barry",NULL,"24682669",NULL,"2020-09-08",NULL,NULL,"AL41107","Finn","1");
INSERT INTO alumno VALUES("1625","Beard",NULL,"22330635",NULL,"2020-09-08",NULL,NULL,"AL41108","Ivan","1");
INSERT INTO alumno VALUES("1626","Beasley",NULL,"15427371",NULL,"2020-09-08",NULL,NULL,"AL41109","Aimee","1");
INSERT INTO alumno VALUES("1627","Benton",NULL,"22621912",NULL,"2020-09-08",NULL,NULL,"AL41110","Abel","1");
INSERT INTO alumno VALUES("1628","Berry",NULL,"16979721",NULL,"2020-09-08",NULL,NULL,"AL41111","Levi","1");
INSERT INTO alumno VALUES("1629","Blackburn",NULL,"26084777",NULL,"2020-09-08",NULL,NULL,"AL41112","Oprah","1");
INSERT INTO alumno VALUES("1630","Blanco",NULL,"13452240",NULL,"2020-09-08",NULL,NULL,"AL41113","Eusebio ","1");
INSERT INTO alumno VALUES("1631","Blevins",NULL,"48996568",NULL,"2020-09-08",NULL,NULL,"AL41114","Oscar","1");
INSERT INTO alumno VALUES("1632","Bowman",NULL,"48709695",NULL,"2020-09-08",NULL,NULL,"AL41115","Lillian","1");
INSERT INTO alumno VALUES("1633","Boyd",NULL,"46104830",NULL,"2020-09-08",NULL,NULL,"AL41116","Nayda","1");
INSERT INTO alumno VALUES("1634","Bradford",NULL,"17466469",NULL,"2020-09-08",NULL,NULL,"AL41117","Kenneth","1");
INSERT INTO alumno VALUES("1635","Bradley",NULL,"31046654",NULL,"2020-09-08",NULL,NULL,"AL41118","Joel","1");
INSERT INTO alumno VALUES("1636","Burks",NULL,"49686278",NULL,"2020-09-08",NULL,NULL,"AL41119","Noah","1");
INSERT INTO alumno VALUES("1637","Bush",NULL,"11935283",NULL,"2020-09-08",NULL,NULL,"AL41120","Rudyard","1");
INSERT INTO alumno VALUES("1638","Calderon",NULL,"43750049",NULL,"2020-09-08",NULL,NULL,"AL41121","Heather","1");
INSERT INTO alumno VALUES("1639","Caldwell",NULL,"36385416",NULL,"2020-09-08",NULL,NULL,"AL41122","Victor","1");
INSERT INTO alumno VALUES("1640","Calero",NULL,"9028700",NULL,"2020-09-08",NULL,NULL,"AL41123","Rafael","1");
INSERT INTO alumno VALUES("1641","Camacho",NULL,"48784498",NULL,"2020-09-08",NULL,NULL,"AL41124","Kieran","1");
INSERT INTO alumno VALUES("1642","Cano",NULL,"27374218",NULL,"2020-09-08",NULL,NULL,"AL41125","Rosa Maria","1");
INSERT INTO alumno VALUES("1643","Cantu",NULL,"31636157",NULL,"2020-09-08",NULL,NULL,"AL41126","Gabriel","1");
INSERT INTO alumno VALUES("1644","Carr",NULL,"49953301",NULL,"2020-09-08",NULL,NULL,"AL41127","Fay","1");
INSERT INTO alumno VALUES("1645","Carson",NULL,"29117970",NULL,"2020-09-08",NULL,NULL,"AL41128","Brian","1");
INSERT INTO alumno VALUES("1646","Carver",NULL,"45266483",NULL,"2020-09-08",NULL,NULL,"AL41129","Clinton","1");
INSERT INTO alumno VALUES("1647","Case",NULL,"21409081",NULL,"2020-09-08",NULL,NULL,"AL41130","Barrett","1");
INSERT INTO alumno VALUES("1648","Case",NULL,"30308657",NULL,"2020-09-08",NULL,NULL,"AL41131","Lev","1");
INSERT INTO alumno VALUES("1649","Casey",NULL,"34665895",NULL,"2020-09-08",NULL,NULL,"AL41132","Walter","1");
INSERT INTO alumno VALUES("1650","Castillo",NULL,"6390630",NULL,"2020-09-08",NULL,NULL,"AL41133","Juana","1");
INSERT INTO alumno VALUES("1651","Chandler",NULL,"32311568",NULL,"2020-09-08",NULL,NULL,"AL41134","Ivy","1");
INSERT INTO alumno VALUES("1652","Chaney",NULL,"32100255",NULL,"2020-09-08",NULL,NULL,"AL41135","Carlos","1");
INSERT INTO alumno VALUES("1653","Cherry",NULL,"30701387",NULL,"2020-09-08",NULL,NULL,"AL41136","Dalton","1");
INSERT INTO alumno VALUES("1654","Cherry",NULL,"48282154",NULL,"2020-09-08",NULL,NULL,"AL41137","Jeanette","1");
INSERT INTO alumno VALUES("1655","Christensen",NULL,"15294557",NULL,"2020-09-08",NULL,NULL,"AL41138","Sasha","1");
INSERT INTO alumno VALUES("1656","Clarke",NULL,"29722234",NULL,"2020-09-08",NULL,NULL,"AL41139","Cheyenne","1");
INSERT INTO alumno VALUES("1657","Clay",NULL,"24483666",NULL,"2020-09-08",NULL,NULL,"AL41140","Josiah","1");
INSERT INTO alumno VALUES("1658","Coffey",NULL,"18849012",NULL,"2020-09-08",NULL,NULL,"AL41141","Blaine","1");
INSERT INTO alumno VALUES("1659","Coffey",NULL,"21289686",NULL,"2020-09-08",NULL,NULL,"AL41142","Veronica","1");
INSERT INTO alumno VALUES("1660","Collier",NULL,"45686853",NULL,"2020-09-08",NULL,NULL,"AL41143","Azalia","1");
INSERT INTO alumno VALUES("1661","Conley",NULL,"43475325",NULL,"2020-09-08",NULL,NULL,"AL41144","Kyra","1");
INSERT INTO alumno VALUES("1662","Conley",NULL,"30239463",NULL,"2020-09-08",NULL,NULL,"AL41145","Rajah","1");
INSERT INTO alumno VALUES("1663","Conner",NULL,"45399925",NULL,"2020-09-08",NULL,NULL,"AL41146","Brett","1");
INSERT INTO alumno VALUES("1664","Cuenca",NULL,"24844311",NULL,"2020-09-08",NULL,NULL,"AL41147","Alejandro","1");
INSERT INTO alumno VALUES("1665","Cummings",NULL,"42555216",NULL,"2020-09-08",NULL,NULL,"AL41148","Roary","1");
INSERT INTO alumno VALUES("1666","Cunningham",NULL,"46743067",NULL,"2020-09-08",NULL,NULL,"AL41149","Kennedy","1");
INSERT INTO alumno VALUES("1667","Delaney",NULL,"45145072",NULL,"2020-09-08",NULL,NULL,"AL41150","Jessica","1");
INSERT INTO alumno VALUES("1668","Delaney",NULL,"12487810",NULL,"2020-09-08",NULL,NULL,"AL41151","Palmer","1");
INSERT INTO alumno VALUES("1669","Dillard",NULL,"34660087",NULL,"2020-09-08",NULL,NULL,"AL41152","August","1");
INSERT INTO alumno VALUES("1670","Dorsey",NULL,"27721420",NULL,"2020-09-08",NULL,NULL,"AL41153","Dane","1");
INSERT INTO alumno VALUES("1671","Downs",NULL,"33031532",NULL,"2020-09-08",NULL,NULL,"AL41154","Aline","1");
INSERT INTO alumno VALUES("1672","Drake",NULL,"33192449",NULL,"2020-09-08",NULL,NULL,"AL41155","Damon","1");
INSERT INTO alumno VALUES("1673","Duncan",NULL,"43348668",NULL,"2020-09-08",NULL,NULL,"AL41156","Iris","1");
INSERT INTO alumno VALUES("1674","Dunlap",NULL,"38157891",NULL,"2020-09-08",NULL,NULL,"AL41157","Wang","1");
INSERT INTO alumno VALUES("1675","Ellis",NULL,"16532140",NULL,"2020-09-08",NULL,NULL,"AL41158","Kibo","1");
INSERT INTO alumno VALUES("1676","English",NULL,"42837826",NULL,"2020-09-08",NULL,NULL,"AL41159","Brennan","1");
INSERT INTO alumno VALUES("1677","Evans",NULL,"38474198",NULL,"2020-09-08",NULL,NULL,"AL41160","Bruno","1");
INSERT INTO alumno VALUES("1678","Farley",NULL,"12346991",NULL,"2020-09-08",NULL,NULL,"AL41161","Hiroko","1");
INSERT INTO alumno VALUES("1679","Farley",NULL,"35406343",NULL,"2020-09-08",NULL,NULL,"AL41162","Quentin","1");
INSERT INTO alumno VALUES("1680","Figueroa",NULL,"19459406",NULL,"2020-09-08",NULL,NULL,"AL41163","Xerxes","1");
INSERT INTO alumno VALUES("1681","Fletcher",NULL,"49708703",NULL,"2020-09-08",NULL,NULL,"AL41164","Candice","1");
INSERT INTO alumno VALUES("1682","Foster",NULL,"37469970",NULL,"2020-09-08",NULL,NULL,"AL41165","Shaine","1");
INSERT INTO alumno VALUES("1683","Franco",NULL,"39549507",NULL,"2020-09-08",NULL,NULL,"AL41166","Nicholas","1");
INSERT INTO alumno VALUES("1684","Franco",NULL,"36959025",NULL,"2020-09-08",NULL,NULL,"AL41167","Phyllis","1");
INSERT INTO alumno VALUES("1685","Franklin",NULL,"16309654",NULL,"2020-09-08",NULL,NULL,"AL41168","Shellie","1");
INSERT INTO alumno VALUES("1686","Fulton",NULL,"18529843",NULL,"2020-09-08",NULL,NULL,"AL41169","Clio","1");
INSERT INTO alumno VALUES("1687","Garrido",NULL,"25772496",NULL,"2020-09-08",NULL,NULL,"AL41170","Miguel Angel","1");
INSERT INTO alumno VALUES("1688","Garrison",NULL,"26818620",NULL,"2020-09-08",NULL,NULL,"AL41171","Kelsey","1");
INSERT INTO alumno VALUES("1689","Garruson",NULL,"23159573",NULL,"2020-09-08",NULL,NULL,"AL41172","Laura","1");
INSERT INTO alumno VALUES("1690","Glap",NULL,"35283269",NULL,"2020-09-08",NULL,NULL,"AL41173","Cedric","1");
INSERT INTO alumno VALUES("1691","Glover",NULL,"6875664",NULL,"2020-09-08",NULL,NULL,"AL41174","Kitra","1");
INSERT INTO alumno VALUES("1692","Goodwin",NULL,"26587375",NULL,"2020-09-08",NULL,NULL,"AL41175","Lilah","1");
INSERT INTO alumno VALUES("1693","Grant",NULL,"48772372",NULL,"2020-09-08",NULL,NULL,"AL41176","Miranda","1");
INSERT INTO alumno VALUES("1694","Hahn",NULL,"30776213",NULL,"2020-09-08",NULL,NULL,"AL41177","Zane","1");
INSERT INTO alumno VALUES("1695","Hampton",NULL,"48099435",NULL,"2020-09-08",NULL,NULL,"AL41178","Lucas","1");
INSERT INTO alumno VALUES("1696","Haney",NULL,"18780604",NULL,"2020-09-08",NULL,NULL,"AL41179","Jarrod","1");
INSERT INTO alumno VALUES("1697","Hansen",NULL,"49867796",NULL,"2020-09-08",NULL,NULL,"AL41180","Timon","1");
INSERT INTO alumno VALUES("1698","Harris",NULL,"7029267",NULL,"2020-09-08",NULL,NULL,"AL41181","Cameron","1");
INSERT INTO alumno VALUES("1699","Hartman",NULL,"14669989",NULL,"2020-09-08",NULL,NULL,"AL41182","Zahir","1");
INSERT INTO alumno VALUES("1700","Henderson",NULL,"15307164",NULL,"2020-09-08",NULL,NULL,"AL41183","Finn","1");
INSERT INTO alumno VALUES("1701","Herman",NULL,"9478391",NULL,"2020-09-08",NULL,NULL,"AL41184","Eve","1");
INSERT INTO alumno VALUES("1702","hernandez",NULL,"26065721",NULL,"2020-09-08",NULL,NULL,"AL41185","daniel","1");
INSERT INTO alumno VALUES("1703","Herring",NULL,"36503934",NULL,"2020-09-08",NULL,NULL,"AL41186","Oliver","1");
INSERT INTO alumno VALUES("1704","Hewitt",NULL,"46508041",NULL,"2020-09-08",NULL,NULL,"AL41187","Isadora","1");
INSERT INTO alumno VALUES("1705","Hickman",NULL,"48459517",NULL,"2020-09-08",NULL,NULL,"AL41188","Ariana","1");
INSERT INTO alumno VALUES("1706","Hilord",NULL,"11680657",NULL,"2020-09-08",NULL,NULL,"AL41189","Akeem","1");
INSERT INTO alumno VALUES("1707","Horton",NULL,"10527975",NULL,"2020-09-08",NULL,NULL,"AL41190","Curran","1");
INSERT INTO alumno VALUES("1708","Howe",NULL,"13320912",NULL,"2020-09-08",NULL,NULL,"AL41191","Rowan","1");
INSERT INTO alumno VALUES("1709","Howell",NULL,"21001931",NULL,"2020-09-08",NULL,NULL,"AL41192","Stacy","1");
INSERT INTO alumno VALUES("1710","Huff",NULL,"29820020",NULL,"2020-09-08",NULL,NULL,"AL41193","Jerry","1");
INSERT INTO alumno VALUES("1711","Hurley",NULL,"31082253",NULL,"2020-09-08",NULL,NULL,"AL41194","Tamara","1");
INSERT INTO alumno VALUES("1712","Irwin",NULL,"49176547",NULL,"2020-09-08",NULL,NULL,"AL41195","Shea","1");
INSERT INTO alumno VALUES("1713","Jacobs",NULL,"22905831",NULL,"2020-09-08",NULL,NULL,"AL41196","Lane","1");
INSERT INTO alumno VALUES("1714","Jarvis",NULL,"23521654",NULL,"2020-09-08",NULL,NULL,"AL41197","Cathleen","1");
INSERT INTO alumno VALUES("1715","Johnson",NULL,"7528332",NULL,"2020-09-08",NULL,NULL,"AL41198","Leslie","1");
INSERT INTO alumno VALUES("1716","Jones",NULL,"16835660",NULL,"2020-09-08",NULL,NULL,"AL41199","Grant","1");
INSERT INTO alumno VALUES("1717","Joseph",NULL,"13084195",NULL,"2020-09-08",NULL,NULL,"AL41200","Burke","1");
INSERT INTO alumno VALUES("1718","Joyner",NULL,"26067341",NULL,"2020-09-08",NULL,NULL,"AL41201","Kaitlin","1");
INSERT INTO alumno VALUES("1719","Juarez",NULL,"27612120",NULL,"2020-09-08",NULL,NULL,"AL41202","Alisa","1");
INSERT INTO alumno VALUES("1720","Kelley",NULL,"46067823",NULL,"2020-09-08",NULL,NULL,"AL41203","Sydney","1");
INSERT INTO alumno VALUES("1721","Kidd",NULL,"8544513",NULL,"2020-09-08",NULL,NULL,"AL41204","Cruz","1");
INSERT INTO alumno VALUES("1722","King",NULL,"36097579",NULL,"2020-09-08",NULL,NULL,"AL41205","Shea","1");
INSERT INTO alumno VALUES("1723","Klein",NULL,"14523329",NULL,"2020-09-08",NULL,NULL,"AL41206","Vivian","1");
INSERT INTO alumno VALUES("1724","Klein",NULL,"32614691",NULL,"2020-09-08",NULL,NULL,"AL41207","Zelda","1");
INSERT INTO alumno VALUES("1725","Lamb",NULL,"28074424",NULL,"2020-09-08",NULL,NULL,"AL41208","Demetria","1");
INSERT INTO alumno VALUES("1726","Lamb",NULL,"40646382",NULL,"2020-09-08",NULL,NULL,"AL41209","Kuame","1");
INSERT INTO alumno VALUES("1727","Leach",NULL,"45293197",NULL,"2020-09-08",NULL,NULL,"AL41210","Renee","1");
INSERT INTO alumno VALUES("1728","Lee",NULL,"27781028",NULL,"2020-09-08",NULL,NULL,"AL41211","Aline","1");
INSERT INTO alumno VALUES("1729","Lucas",NULL,"28726855",NULL,"2020-09-08",NULL,NULL,"AL41212","Keiko","1");
INSERT INTO alumno VALUES("1730","Macdonald",NULL,"31524309",NULL,"2020-09-08",NULL,NULL,"AL41213","Hilda","1");
INSERT INTO alumno VALUES("1731","Malone",NULL,"21060218",NULL,"2020-09-08",NULL,NULL,"AL41214","Pearl","1");
INSERT INTO alumno VALUES("1732","marin",NULL,"31975106",NULL,"2020-09-08",NULL,NULL,"AL41215","raquel","1");
INSERT INTO alumno VALUES("1733","Marks",NULL,"40319991",NULL,"2020-09-08",NULL,NULL,"AL41216","Samuel","1");
INSERT INTO alumno VALUES("1734","martinez",NULL,"22330766",NULL,"2020-09-08",NULL,NULL,"AL41217","marta ","1");
INSERT INTO alumno VALUES("1735","Mcdonald",NULL,"21106410",NULL,"2020-09-08",NULL,NULL,"AL41218","Ria","1");
INSERT INTO alumno VALUES("1736","Mcfadden",NULL,"13815202",NULL,"2020-09-08",NULL,NULL,"AL41219","Quamar","1");
INSERT INTO alumno VALUES("1737","Mcintosh",NULL,"47093288",NULL,"2020-09-08",NULL,NULL,"AL41220","Channing","1");
INSERT INTO alumno VALUES("1738","Mckenzie",NULL,"25376667",NULL,"2020-09-08",NULL,NULL,"AL41221","Harriet","1");
INSERT INTO alumno VALUES("1739","Mclean",NULL,"42651808",NULL,"2020-09-08",NULL,NULL,"AL41222","Avram","1");
INSERT INTO alumno VALUES("1740","Meadows",NULL,"41420760",NULL,"2020-09-08",NULL,NULL,"AL41223","Blaze","1");
INSERT INTO alumno VALUES("1741","Melendez",NULL,"21680638",NULL,"2020-09-08",NULL,NULL,"AL41224","Fay","1");
INSERT INTO alumno VALUES("1742","Melton",NULL,"6038948",NULL,"2020-09-08",NULL,NULL,"AL41225","Jelani","1");
INSERT INTO alumno VALUES("1743","Mercado",NULL,"34567537",NULL,"2020-09-08",NULL,NULL,"AL41226","Jameson","1");
INSERT INTO alumno VALUES("1744","Mercer",NULL,"48837147",NULL,"2020-09-08",NULL,NULL,"AL41227","Howard","1");
INSERT INTO alumno VALUES("1745","Mercer",NULL,"8388803",NULL,"2020-09-08",NULL,NULL,"AL41228","Quail","1");
INSERT INTO alumno VALUES("1746","Merritt",NULL,"13556299",NULL,"2020-09-08",NULL,NULL,"AL41229","Hamish","1");
INSERT INTO alumno VALUES("1747","Meyer",NULL,"11891058",NULL,"2020-09-08",NULL,NULL,"AL41230","Reese","1");
INSERT INTO alumno VALUES("1748","Miles",NULL,"9612128",NULL,"2020-09-08",NULL,NULL,"AL41231","Rana","1");
INSERT INTO alumno VALUES("1749","Mooney",NULL,"21527247",NULL,"2020-09-08",NULL,NULL,"AL41232","Katelyn","1");
INSERT INTO alumno VALUES("1750","Mooney",NULL,"34541073",NULL,"2020-09-08",NULL,NULL,"AL41233","Magee","1");
INSERT INTO alumno VALUES("1751","Morales",NULL,"34969826",NULL,"2020-09-08",NULL,NULL,"AL41234","Nathan","1");
INSERT INTO alumno VALUES("1752","Moralez",NULL,"49207332",NULL,"2020-09-08",NULL,NULL,"AL41235","manuela","1");
INSERT INTO alumno VALUES("1753","Moreno",NULL,"32484160",NULL,"2020-09-08",NULL,NULL,"AL41236","maria pilar","1");
INSERT INTO alumno VALUES("1754","Morgan",NULL,"23808848",NULL,"2020-09-08",NULL,NULL,"AL41237","Coby","1");
INSERT INTO alumno VALUES("1755","Mueller",NULL,"48882260",NULL,"2020-09-08",NULL,NULL,"AL41238","Gail","1");
INSERT INTO alumno VALUES("1756","Mullen",NULL,"16244592",NULL,"2020-09-08",NULL,NULL,"AL41239","Nina","1");
INSERT INTO alumno VALUES("1757","Mu침oz",NULL,"44888501",NULL,"2020-09-08",NULL,NULL,"AL41240","Juan Jose","1");
INSERT INTO alumno VALUES("1758","Murphy",NULL,"24556744",NULL,"2020-09-08",NULL,NULL,"AL41241","Ayanna","1");
INSERT INTO alumno VALUES("1759","Murphy",NULL,"10507943",NULL,"2020-09-08",NULL,NULL,"AL41242","Demetrius","1");
INSERT INTO alumno VALUES("1760","Nelson",NULL,"45757180",NULL,"2020-09-08",NULL,NULL,"AL41243","Germane","1");
INSERT INTO alumno VALUES("1761","Newton",NULL,"31400914",NULL,"2020-09-08",NULL,NULL,"AL41244","Timothy","1");
INSERT INTO alumno VALUES("1762","Nielsen",NULL,"18843297",NULL,"2020-09-08",NULL,NULL,"AL41245","Pascale","1");
INSERT INTO alumno VALUES("1763","Oliver",NULL,"7905790",NULL,"2020-09-08",NULL,NULL,"AL41246","Ursa","1");
INSERT INTO alumno VALUES("1764","Oneal",NULL,"33431495",NULL,"2020-09-08",NULL,NULL,"AL41247","Nathaniel","1");
INSERT INTO alumno VALUES("1765","Oneil",NULL,"15651752",NULL,"2020-09-08",NULL,NULL,"AL41248","Madeson","1");
INSERT INTO alumno VALUES("1766","Ortega",NULL,"46287308",NULL,"2020-09-08",NULL,NULL,"AL41249","Marta","1");
INSERT INTO alumno VALUES("1767","Ortiz",NULL,"34755891",NULL,"2020-09-08",NULL,NULL,"AL41250","Encarnacion","1");
INSERT INTO alumno VALUES("1768","Ortiz",NULL,"45968273",NULL,"2020-09-08",NULL,NULL,"AL41251","Hammett","1");
INSERT INTO alumno VALUES("1769","Ortiz ",NULL,"22047023",NULL,"2020-09-08",NULL,NULL,"AL41252","Pablo ","1");
INSERT INTO alumno VALUES("1770","Parker",NULL,"23141185",NULL,"2020-09-08",NULL,NULL,"AL41253","Kato","1");
INSERT INTO alumno VALUES("1771","Parsons",NULL,"40338231",NULL,"2020-09-08",NULL,NULL,"AL41254","Lynn","1");
INSERT INTO alumno VALUES("1772","Patterson",NULL,"20699148",NULL,"2020-09-08",NULL,NULL,"AL41255","Octavia","1");
INSERT INTO alumno VALUES("1773","Patterson",NULL,"40274537",NULL,"2020-09-08",NULL,NULL,"AL41256","Rosalyn","1");
INSERT INTO alumno VALUES("1774","Paul",NULL,"14150114",NULL,"2020-09-08",NULL,NULL,"AL41257","Leila","1");
INSERT INTO alumno VALUES("1775","Payne",NULL,"40817811",NULL,"2020-09-08",NULL,NULL,"AL41258","Portia","1");
INSERT INTO alumno VALUES("1776","Perez",NULL,"14597246",NULL,"2020-09-08",NULL,NULL,"AL41259","Gray","1");
INSERT INTO alumno VALUES("1777","Perez",NULL,"33124056",NULL,"2020-09-08",NULL,NULL,"AL41260","Paula","1");
INSERT INTO alumno VALUES("1778","Petersen",NULL,"34224227",NULL,"2020-09-08",NULL,NULL,"AL41261","Blossom","1");
INSERT INTO alumno VALUES("1779","Petty",NULL,"21111049",NULL,"2020-09-08",NULL,NULL,"AL41262","Cameran","1");
INSERT INTO alumno VALUES("1780","Picazo",NULL,"12821197",NULL,"2020-09-08",NULL,NULL,"AL41263","Elena","1");
INSERT INTO alumno VALUES("1781","Puckett",NULL,"47537619",NULL,"2020-09-08",NULL,NULL,"AL41264","Zahir","1");
INSERT INTO alumno VALUES("1782","Ramirez",NULL,"12693189",NULL,"2020-09-08",NULL,NULL,"AL41265","Mariela","1");
INSERT INTO alumno VALUES("1783","Ramsey",NULL,"28423363",NULL,"2020-09-08",NULL,NULL,"AL41266","Kenyon","1");
INSERT INTO alumno VALUES("1784","Ray",NULL,"27150078",NULL,"2020-09-08",NULL,NULL,"AL41267","Marny","1");
INSERT INTO alumno VALUES("1785","Raymond",NULL,"8874625",NULL,"2020-09-08",NULL,NULL,"AL41268","Gary","1");
INSERT INTO alumno VALUES("1786","Raymond",NULL,"13772878",NULL,"2020-09-08",NULL,NULL,"AL41269","Theodore","1");
INSERT INTO alumno VALUES("1787","Reeves",NULL,"30943501",NULL,"2020-09-08",NULL,NULL,"AL41270","Dominic","1");
INSERT INTO alumno VALUES("1788","Reilly",NULL,"25018737",NULL,"2020-09-08",NULL,NULL,"AL41271","Hanna","1");
INSERT INTO alumno VALUES("1789","Richards",NULL,"9971350",NULL,"2020-09-08",NULL,NULL,"AL41272","Jesse","1");
INSERT INTO alumno VALUES("1790","Robbins",NULL,"23049612",NULL,"2020-09-08",NULL,NULL,"AL41273","Amir","1");
INSERT INTO alumno VALUES("1791","Roberson",NULL,"38627621",NULL,"2020-09-08",NULL,NULL,"AL41274","Mollie","1");
INSERT INTO alumno VALUES("1792","Robertson",NULL,"12148427",NULL,"2020-09-08",NULL,NULL,"AL41275","Eliana","1");
INSERT INTO alumno VALUES("1793","Robles",NULL,"22562138",NULL,"2020-09-08",NULL,NULL,"AL41276","Naomi","1");
INSERT INTO alumno VALUES("1794","Romero",NULL,"46294563",NULL,"2020-09-08",NULL,NULL,"AL41277","Ana Maria","1");
INSERT INTO alumno VALUES("1795","Roth",NULL,"7845681",NULL,"2020-09-08",NULL,NULL,"AL41278","Eaton","1");
INSERT INTO alumno VALUES("1796","Rubio",NULL,"8647566",NULL,"2020-09-08",NULL,NULL,"AL41279","Lucia","1");
INSERT INTO alumno VALUES("1797","Rutledge",NULL,"11604323",NULL,"2020-09-08",NULL,NULL,"AL41280","Gregory","1");
INSERT INTO alumno VALUES("1798","Ryan",NULL,"21717906",NULL,"2020-09-08",NULL,NULL,"AL41281","Mariko","1");
INSERT INTO alumno VALUES("1799","Saez",NULL,"8726399",NULL,"2020-09-08",NULL,NULL,"AL41282","Luis","1");
INSERT INTO alumno VALUES("1800","Sampson",NULL,"26275883",NULL,"2020-09-08",NULL,NULL,"AL41283","Ryan","1");
INSERT INTO alumno VALUES("1801","Sanchez",NULL,"37824311",NULL,"2020-09-08",NULL,NULL,"AL41284","Pedro","1");
INSERT INTO alumno VALUES("1802","Sanchez",NULL,"45843775",NULL,"2020-09-08",NULL,NULL,"AL41285","Pedro ","1");
INSERT INTO alumno VALUES("1803","Sears",NULL,"44060633",NULL,"2020-09-08",NULL,NULL,"AL41286","Colette","1");
INSERT INTO alumno VALUES("1804","Sears",NULL,"47835848",NULL,"2020-09-08",NULL,NULL,"AL41288","Uriel","1");
INSERT INTO alumno VALUES("1805","Sgroi","$2y$10$sfKIZ5rzF7wWPqWSsB6nFOn6o3uaIH5nhaXvaiFr3ICiHJSAADng.","40102196","lean@mail.com","2020-09-08",NULL,NULL,"AL41414","Leandro","1");
INSERT INTO alumno VALUES("1806","Skinner",NULL,"41288968",NULL,"2020-09-08",NULL,NULL,"AL41289","Ruth","1");
INSERT INTO alumno VALUES("1807","Sloan",NULL,"7949419",NULL,"2020-09-08",NULL,NULL,"AL41290","Clare","1");
INSERT INTO alumno VALUES("1808","Solomon",NULL,"29770639",NULL,"2020-09-08",NULL,NULL,"AL41291","Ulla","1");
INSERT INTO alumno VALUES("1809","Stephens",NULL,"25644254",NULL,"2020-09-08",NULL,NULL,"AL41292","Channing","1");
INSERT INTO alumno VALUES("1810","Stone",NULL,"25933535",NULL,"2020-09-08",NULL,NULL,"AL41293","Dawn","1");
INSERT INTO alumno VALUES("1811","Stone",NULL,"8553228",NULL,"2020-09-08",NULL,NULL,"AL41294","Denton","1");
INSERT INTO alumno VALUES("1812","Stout",NULL,"42720207",NULL,"2020-09-08",NULL,NULL,"AL41295","Cassidy","1");
INSERT INTO alumno VALUES("1813","Sutton",NULL,"43904374",NULL,"2020-09-08",NULL,NULL,"AL41296","Scarlet","1");
INSERT INTO alumno VALUES("1814","Tanner",NULL,"6986876",NULL,"2020-09-08",NULL,NULL,"AL41297","Adam","1");
INSERT INTO alumno VALUES("1815","Taylor",NULL,"45575547",NULL,"2020-09-08",NULL,NULL,"AL41298","Stephen","1");
INSERT INTO alumno VALUES("1816","Thornton",NULL,"36467874",NULL,"2020-09-08",NULL,NULL,"AL41299","Cameron","1");
INSERT INTO alumno VALUES("1817","Torres",NULL,"8258764",NULL,"2020-09-08",NULL,NULL,"AL41300","Francisco Javier","1");
INSERT INTO alumno VALUES("1818","Townsend",NULL,"41565942",NULL,"2020-09-08",NULL,NULL,"AL41301","Jacqueline","1");
INSERT INTO alumno VALUES("1819","Turner",NULL,"32277550",NULL,"2020-09-08",NULL,NULL,"AL41302","Macy","1");
INSERT INTO alumno VALUES("1820","Valenzuela",NULL,"30039298",NULL,"2020-09-08",NULL,NULL,"AL41303","Aurora","1");
INSERT INTO alumno VALUES("1821","Vargas",NULL,"38898965",NULL,"2020-09-08",NULL,NULL,"AL41304","Lars","1");
INSERT INTO alumno VALUES("1822","Vasquez",NULL,"9568854",NULL,"2020-09-08",NULL,NULL,"AL41305","Iris","1");
INSERT INTO alumno VALUES("1823","Vega",NULL,"49671795",NULL,"2020-09-08",NULL,NULL,"AL41306","Joy","1");
INSERT INTO alumno VALUES("1824","Velazquez",NULL,"16303341",NULL,"2020-09-08",NULL,NULL,"AL41307","Carter","1");
INSERT INTO alumno VALUES("1825","Velez",NULL,"19266093",NULL,"2020-09-08",NULL,NULL,"AL41308","Hashim","1");
INSERT INTO alumno VALUES("1826","Velez",NULL,"23014472",NULL,"2020-09-08",NULL,NULL,"AL41309","Wynter","1");
INSERT INTO alumno VALUES("1827","Ward",NULL,"41100921",NULL,"2020-09-08",NULL,NULL,"AL41310","Clare","1");
INSERT INTO alumno VALUES("1828","Ward",NULL,"44786239",NULL,"2020-09-08",NULL,NULL,"AL41311","Zachery","1");
INSERT INTO alumno VALUES("1829","Watson",NULL,"16968661",NULL,"2020-09-08",NULL,NULL,"AL41312","Candice","1");
INSERT INTO alumno VALUES("1830","Watts",NULL,"37404149",NULL,"2020-09-08",NULL,NULL,"AL41313","Cairo","1");
INSERT INTO alumno VALUES("1831","Weeks",NULL,"20445652",NULL,"2020-09-08",NULL,NULL,"AL41314","Ignatius","1");
INSERT INTO alumno VALUES("1832","Wells",NULL,"30607549",NULL,"2020-09-08",NULL,NULL,"AL41315","Hamilton","1");
INSERT INTO alumno VALUES("1833","Wheeler",NULL,"17613236",NULL,"2020-09-08",NULL,NULL,"AL41316","Benjamin","1");
INSERT INTO alumno VALUES("1834","Whitney",NULL,"31491848",NULL,"2020-09-08",NULL,NULL,"AL41317","Willow","1");
INSERT INTO alumno VALUES("1835","Wilkinson",NULL,"6691125",NULL,"2020-09-08",NULL,NULL,"AL41318","Christen","1");
INSERT INTO alumno VALUES("1836","Witt",NULL,"48725746",NULL,"2020-09-08",NULL,NULL,"AL41319","Illana","1");
INSERT INTO alumno VALUES("1837","Wolf",NULL,"17524543",NULL,"2020-09-08",NULL,NULL,"AL41320","Whitney","1");
INSERT INTO alumno VALUES("1838","Woodard","EwcyB5UOJEIAo23KgrruaQ==","19255872","algo@mail.com","2020-09-08","2020-09-30",NULL,"AL41321","Amethyst","1");
INSERT INTO alumno VALUES("1839","Wooten",NULL,"33285501",NULL,"2020-09-08",NULL,NULL,"AL41322","Preston","1");
INSERT INTO alumno VALUES("1840","Wynn","$2y$10$Kw9QS1UpfLl/2looKv7n/OxaAJp0jaEBEneYCGLmw2v0s.Vsyv1Hm","49914939","pwynn@mail.com","2020-09-08","2020-09-30","2012-06-30","AL41324","Pamela","1");
INSERT INTO alumno VALUES("1841","Yang",NULL,"25159132",NULL,"2020-09-08",NULL,NULL,"AL41325","Ferris","1");
INSERT INTO alumno VALUES("1842","Richards",NULL,"45612398",NULL,"2020-09-08",NULL,NULL,"AL95123","Estefania","1");
INSERT INTO alumno VALUES("1613","Aguirre","$2y$10$3Yb9yW0c.gzoQtuIkuxgVOGUltzajvG0KFdbU3hSaKfeI/9o29a8O","48637507","iaguirre@mail.com","2020-09-08",NULL,"1998-06-11","AL41096","Imelda","1");
INSERT INTO alumno VALUES("1852","ortiz",NULL,"20001243",NULL,"2020-09-11",NULL,NULL,"AL41414","leandro","1");
INSERT INTO alumno VALUES("1853","Sears",NULL,"47835848",NULL,"2020-09-22",NULL,NULL,"AL41287","Uriel","1");
INSERT INTO alumno VALUES("1851","Sanchez","$2y$10$7TAPZqLqyC3qidPfmBZs0u6489E/LPVVahRs3SkmtuaCGXF7pqL..","7512360","asanchez@mail.com","2020-09-09",NULL,"1989-11-20","AL89600","Arnaldo","1");
INSERT INTO alumno VALUES("1854","Sgroi",NULL,"40102196",NULL,"2020-09-22",NULL,NULL,"AL41288","LeandroJAJAJAJA ","1");
INSERT INTO alumno VALUES("1855","Wuito",NULL,"25704075",NULL,"2020-09-30",NULL,NULL,"AL41329","Esteban ","1");





CREATE TABLE `alumnocursoactual` (
  `id` int(11) NOT NULL AUTO_INCREMENT,
  `fechaDesdeAlumCurAc` date DEFAULT NULL,
  `fechaHastaAlumCurAc` date DEFAULT NULL,
  `alumno_id` int(11) DEFAULT NULL,
  `curso_id` int(11) DEFAULT NULL,
  PRIMARY KEY (`id`),
  KEY `FK36obnguwdre5apx5dchq91odn` (`alumno_id`),
  KEY `FKt7ydcu477pnwgp95bumcwako7` (`curso_id`)
) ENGINE=MyISAM AUTO_INCREMENT=377 DEFAULT CHARSET=utf8mb4;

INSERT INTO alumnocursoactual VALUES("376","2020-09-01","2020-11-30","3","25");





CREATE TABLE `alumnocursoestado` (
  `id` int(11) NOT NULL AUTO_INCREMENT,
  `fechaFinEstado` date DEFAULT NULL,
  `fechaInicioEstado` date DEFAULT NULL,
  `alumnoCursoActual_id` int(11) DEFAULT NULL,
  `cursoEstadoAlumno_id` int(11) DEFAULT NULL,
  PRIMARY KEY (`id`),
  KEY `FKh3ew326q03dqseb9wyxsdcric` (`alumnoCursoActual_id`),
  KEY `FK1nlk4159vb50rrgimdmx9tuib` (`cursoEstadoAlumno_id`)
) ENGINE=MyISAM AUTO_INCREMENT=283 DEFAULT CHARSET=utf8mb4;

INSERT INTO alumnocursoestado VALUES("282","2020-11-30","2020-09-01","376","1");





CREATE TABLE `alumnoslibres` (
  `id` int(11) NOT NULL AUTO_INCREMENT,
  `fechaAlumnosLibres` datetime NOT NULL,
  `id_admin` int(11) NOT NULL,
  PRIMARY KEY (`id`)
) ENGINE=InnoDB AUTO_INCREMENT=22 DEFAULT CHARSET=latin1;

INSERT INTO alumnoslibres VALUES("1","2020-10-08 08:39:28","1");
INSERT INTO alumnoslibres VALUES("9","2020-10-10 19:11:03","1");
INSERT INTO alumnoslibres VALUES("11","2020-10-11 08:45:17","1");
INSERT INTO alumnoslibres VALUES("12","2020-10-12 19:41:25","1");
INSERT INTO alumnoslibres VALUES("14","2020-10-19 08:48:42","1");
INSERT INTO alumnoslibres VALUES("15","2020-10-20 08:37:33","1");
INSERT INTO alumnoslibres VALUES("16","2020-10-22 08:31:29","1");
INSERT INTO alumnoslibres VALUES("17","2020-10-23 19:22:23","1");
INSERT INTO alumnoslibres VALUES("18","2020-10-27 18:37:15","1");
INSERT INTO alumnoslibres VALUES("19","2020-11-04 19:34:48","21");
INSERT INTO alumnoslibres VALUES("21","2020-11-05 20:54:41","64");





CREATE TABLE `asistencia` (
  `id` int(11) NOT NULL AUTO_INCREMENT,
  `nroFichaAsistencia` int(11) DEFAULT NULL,
  `alumno_id` int(11) DEFAULT NULL,
  `curso_id` int(11) DEFAULT NULL,
  `fechaHastaFichaAsis` date DEFAULT NULL,
  `fechaDesdeFichaAsis` date DEFAULT NULL,
  PRIMARY KEY (`id`),
  KEY `FKnq42e1ofgrph75me0ryq4xd3r` (`alumno_id`),
  KEY `FK5inf5bn7xwmwnrnebu1rk5cjj` (`curso_id`)
) ENGINE=MyISAM AUTO_INCREMENT=362 DEFAULT CHARSET=utf8mb4;

INSERT INTO asistencia VALUES("361",NULL,"3","25","2020-11-30","2020-09-01");





CREATE TABLE `asistenciadia` (
  `id` int(11) NOT NULL AUTO_INCREMENT,
  `fechaHoraAsisDia` datetime DEFAULT NULL,
  `asistencia_id` int(11) DEFAULT NULL,
  `tipoAsistencia_id` int(11) DEFAULT NULL,
  PRIMARY KEY (`id`),
  KEY `FKq321ay6csahth7tshhr0rbn6w` (`asistencia_id`),
  KEY `FKtqtd79xsh4ircl22go5jyx1qh` (`tipoAsistencia_id`)
) ENGINE=MyISAM AUTO_INCREMENT=1173 DEFAULT CHARSET=utf8mb4;






CREATE TABLE `cargo` (
  `id` int(11) NOT NULL AUTO_INCREMENT,
  `fechaAltaCargo` date DEFAULT NULL,
  `fechaFinCargo` date DEFAULT NULL,
  `nombreCargo` varchar(255) DEFAULT NULL,
  PRIMARY KEY (`id`)
) ENGINE=MyISAM AUTO_INCREMENT=9 DEFAULT CHARSET=utf8mb4;

INSERT INTO cargo VALUES("1","2020-07-31",NULL,"Titular");
INSERT INTO cargo VALUES("2","2020-07-31",NULL,"JTP");
INSERT INTO cargo VALUES("3","2020-08-23",NULL,"Auxiliar");
INSERT INTO cargo VALUES("4","2020-08-23",NULL,"Adjunto");
INSERT INTO cargo VALUES("8","2020-09-24",NULL,"Ayudante de 1era");
INSERT INTO cargo VALUES("7","2020-09-15",NULL,"Suplente");





CREATE TABLE `cargoprofesor` (
  `id` int(11) NOT NULL AUTO_INCREMENT,
  `fechaDesdeCargo` date DEFAULT NULL,
  `fechaHastaCargo` date DEFAULT NULL,
  `cargo_id` int(11) DEFAULT NULL,
  `curso_id` int(11) DEFAULT NULL,
  `profesor_id` int(11) DEFAULT NULL,
  PRIMARY KEY (`id`),
  KEY `FKrbxf8x1h5hpn28fyjyrhr7r3p` (`cargo_id`),
  KEY `FKt5cax41qk424i7e1ghn28ow9n` (`curso_id`),
  KEY `FKjcr7feyg610sv4gde6ts2lvbj` (`profesor_id`)
) ENGINE=MyISAM AUTO_INCREMENT=32 DEFAULT CHARSET=utf8mb4;

INSERT INTO cargoprofesor VALUES("31","2020-11-02",NULL,"1","25","2");





CREATE TABLE `cargoprofesorestado` (
  `id` int(11) NOT NULL AUTO_INCREMENT,
  `fechaDesdeCargoProfesorEstado` date DEFAULT NULL,
  `fechaHastaCargoProfesorEstado` date DEFAULT NULL,
  `estadoCargoProfesor_id` int(11) DEFAULT NULL,
  `cargoProfesor_id` int(11) DEFAULT NULL,
  PRIMARY KEY (`id`)
) ENGINE=InnoDB AUTO_INCREMENT=38 DEFAULT CHARSET=utf8mb4 COLLATE=utf8mb4_spanish_ci;

INSERT INTO cargoprofesorestado VALUES("37","2020-11-02",NULL,"1","31");





CREATE TABLE `codigoasitencia` (
  `id` int(11) NOT NULL AUTO_INCREMENT,
  `fechaHoraFinCodigo` datetime DEFAULT NULL,
  `fechaHoraInicioCodigo` datetime DEFAULT NULL,
  `numCodigo` varchar(11) NOT NULL,
  `curso_id` int(11) DEFAULT NULL,
  PRIMARY KEY (`id`),
  KEY `FKjxci9ixskm4u2q3jeu3vvejf6` (`curso_id`)
) ENGINE=MyISAM AUTO_INCREMENT=22 DEFAULT CHARSET=utf8mb4;

INSERT INTO codigoasitencia VALUES("15","2020-09-10 19:39:20","2020-09-10 19:19:20","SF596409839","18");
INSERT INTO codigoasitencia VALUES("16","2020-09-20 12:40:27","2020-09-20 12:15:27","GM642202511","18");
INSERT INTO codigoasitencia VALUES("18","2020-09-22 19:45:17","2020-09-22 19:30:17","RE250971708","25");
INSERT INTO codigoasitencia VALUES("19","2020-09-25 08:25:58","2020-09-25 08:00:58","SB413126762","18");
INSERT INTO codigoasitencia VALUES("20","2020-10-20 08:19:54","2020-10-20 08:04:54","NT399954978","25");
INSERT INTO codigoasitencia VALUES("21","2020-10-22 08:35:52","2020-10-22 08:30:52","FT779570162","18");





CREATE TABLE `contraseniarestablecida` (
  `id` int(11) NOT NULL AUTO_INCREMENT,
  `contraseniaProvisoria` varchar(255) DEFAULT NULL,
  `vigenciaContraDesde` datetime DEFAULT NULL,
  `vigenciaContraHasta` datetime DEFAULT NULL,
  `administrativo_id` int(11) DEFAULT NULL,
  `alumno_id` int(11) DEFAULT NULL,
  `profesor_id` int(11) DEFAULT NULL,
  PRIMARY KEY (`id`),
  KEY `FKmldqjsr08gjdktcgqf6u84f2k` (`administrativo_id`),
  KEY `FKf6hu0tkygeqlcjtn4ju2pvpsi` (`alumno_id`),
  KEY `FKq9empioxj25p70f0hlqmumuuy` (`profesor_id`)
) ENGINE=MyISAM DEFAULT CHARSET=utf8mb4;






CREATE TABLE `curso` (
  `id` int(11) NOT NULL AUTO_INCREMENT,
  `fechaDesdeCurActual` date DEFAULT NULL,
  `fechaHastaCurActul` date DEFAULT NULL,
  `nombreCurso` varchar(255) DEFAULT NULL,
  `division_id` int(11) DEFAULT NULL,
  `materia_id` int(11) DEFAULT NULL,
  `fechaDesdeCursado` date DEFAULT NULL,
  `fechaHastaCursado` date DEFAULT NULL,
  PRIMARY KEY (`id`),
  KEY `FKb0pu5rd27n5ld9n4oamd62dwj` (`division_id`),
  KEY `FK48osbikkitlflgwqf0vh8qt7j` (`materia_id`)
) ENGINE=MyISAM AUTO_INCREMENT=28 DEFAULT CHARSET=utf8mb4;

INSERT INTO curso VALUES("18","2020-08-23",NULL,"Lengua - 4K10","2","4","2020-08-10","2020-11-30");
INSERT INTO curso VALUES("20","2020-09-01",NULL,"Matem치tica - 4K10","2","6","2020-09-17","2020-10-31");
INSERT INTO curso VALUES("21","2020-09-05","2020-09-15","Lengua - 4K13","4","4","2020-08-10","2020-11-30");
INSERT INTO curso VALUES("22","2020-09-20",NULL,"Lengua - 4K9","1","4","2020-08-20","2020-11-30");
INSERT INTO curso VALUES("23","2020-09-21",NULL,"Matem치tica - 4K9","1","6","2020-10-25","2020-12-31");
INSERT INTO curso VALUES("25","2020-09-22",NULL,"Biolog칤a - 5E10","5","9","2020-09-01","2020-11-30");
INSERT INTO curso VALUES("27","2020-09-27",NULL,"Matem치tica - 5E9","6","7",NULL,NULL);





CREATE TABLE `cursodia` (
  `id` int(11) NOT NULL AUTO_INCREMENT,
  `nombreDia` varchar(255) DEFAULT NULL,
  `nombreDiaSA` varchar(255) DEFAULT NULL,
  `dayName` varchar(255) NOT NULL,
  `ordenDia` tinyint(4) NOT NULL,
  PRIMARY KEY (`id`)
) ENGINE=MyISAM AUTO_INCREMENT=22 DEFAULT CHARSET=utf8mb4;

INSERT INTO cursodia VALUES("15","Lunes","Lunes","Monday","1");
INSERT INTO cursodia VALUES("16","Martes","Martes","Tuesday","2");
INSERT INTO cursodia VALUES("17","Mi칠rcoles","Miercoles","Wednesday","3");
INSERT INTO cursodia VALUES("18","Jueves","Jueves","Thursday","4");
INSERT INTO cursodia VALUES("19","Viernes","Viernes","Friday","5");
INSERT INTO cursodia VALUES("20","S치bado","Sabado","Saturday","6");
INSERT INTO cursodia VALUES("21","Domingo","Domingo","Sunday","7");





CREATE TABLE `cursoestadoalumno` (
  `id` int(11) NOT NULL AUTO_INCREMENT,
  `nombreEstado` varchar(255) DEFAULT NULL,
  PRIMARY KEY (`id`)
) ENGINE=MyISAM AUTO_INCREMENT=3 DEFAULT CHARSET=utf8mb4;

INSERT INTO cursoestadoalumno VALUES("1","INSCRIPTO");
INSERT INTO cursoestadoalumno VALUES("2","LIBRE");





CREATE TABLE `diassinclases` (
  `id` int(11) NOT NULL AUTO_INCREMENT,
  `fechaDiaSinClases` date DEFAULT NULL,
  `id_motivo` int(11) DEFAULT NULL,
  `comentarioDiaSinClases` varchar(255) CHARACTER SET utf8 COLLATE utf8_spanish_ci DEFAULT NULL,
  `fechaAltaDiaSinClases` date DEFAULT NULL,
  `fechaBajaDiaSinClases` date DEFAULT NULL,
  PRIMARY KEY (`id`)
) ENGINE=InnoDB AUTO_INCREMENT=4 DEFAULT CHARSET=latin1;

INSERT INTO diassinclases VALUES("1","2020-09-21","1","D칤a del estudiante","2020-10-09",NULL);
INSERT INTO diassinclases VALUES("3","2020-10-13","3","Viento zonda","2020-10-10","2020-10-25");





CREATE TABLE `division` (
  `id` int(11) NOT NULL AUTO_INCREMENT,
  `fechaAltaDivision` date DEFAULT NULL,
  `fechaBajaDivision` date DEFAULT NULL,
  `nombreDivision` varchar(255) DEFAULT NULL,
  `modalidad_id` int(11) DEFAULT NULL,
  PRIMARY KEY (`id`),
  KEY `FKfr54cpkq6e5mmhivhi546oboy` (`modalidad_id`)
) ENGINE=MyISAM AUTO_INCREMENT=7 DEFAULT CHARSET=utf8mb4;

INSERT INTO division VALUES("1","2020-07-31",NULL,"4K9","1");
INSERT INTO division VALUES("2","2020-08-13",NULL,"4K10","1");
INSERT INTO division VALUES("4","2020-08-15",NULL,"4K13","1");
INSERT INTO division VALUES("5","2020-09-22",NULL,"5E10","2");
INSERT INTO division VALUES("6","2020-09-22",NULL,"5E9","2");





CREATE TABLE `estadocargoprofesor` (
  `id` int(11) NOT NULL AUTO_INCREMENT,
  `nombreEstadoCargoProfe` varchar(255) DEFAULT NULL,
  PRIMARY KEY (`id`)
) ENGINE=MyISAM AUTO_INCREMENT=4 DEFAULT CHARSET=utf8mb4;

INSERT INTO estadocargoprofesor VALUES("1","Activo");
INSERT INTO estadocargoprofesor VALUES("2","Licencia");
INSERT INTO estadocargoprofesor VALUES("3","Baja");





CREATE TABLE `funcion` (
  `id` int(11) NOT NULL AUTO_INCREMENT,
  `nombreFuncion` varchar(255) DEFAULT NULL,
  `refImagen` varchar(255) DEFAULT NULL,
  `refPagina` varchar(255) DEFAULT NULL,
  `fechaDesdeFuncion` datetime DEFAULT NULL,
  `fechaHastaFuncion` datetime DEFAULT NULL,
  `codigoFuncion` int(11) DEFAULT NULL,
  PRIMARY KEY (`id`)
) ENGINE=InnoDB AUTO_INCREMENT=28 DEFAULT CHARSET=latin1;

INSERT INTO funcion VALUES("1","Administrar materias y cursos","/DayClass/images/materiasycursos.png","/DayClass/Administrador/MateriaCurso/Materia/admMateria.php","2020-10-27 00:00:00",NULL,"1");
INSERT INTO funcion VALUES("2","Generar reporte de asistencias","/DayClass/images/reporteAsistencia.png","/DayClass/Administrador/Reportes/indexReporteAsistencia.php","2020-10-27 00:00:00",NULL,"2");
INSERT INTO funcion VALUES("3","Generar reporte de temas ","/DayClass/images/reporteTemas.png","/DayClass/Administrador/Reportes/indexReportesTemas.php","2020-10-27 00:00:00",NULL,"3");
INSERT INTO funcion VALUES("4","Cargar tema del dia","/DayClass/images/temaDelDia.png","/DayClass/Profesor/seleccionCurso.php?codFn=4\n","2020-10-27 00:00:00",NULL,"4");
INSERT INTO funcion VALUES("5","Habilitar auto-asistencia","/DayClass/images/habilitarAutoasistencia.png","/DayClass/Profesor/seleccionCurso.php?codFn=5","2020-10-27 00:00:00",NULL,"5");
INSERT INTO funcion VALUES("6","Asistencia tradicional ","/DayClass/images/asistenciaTradicional.png","/DayClass/Profesor/seleccionCurso.php?codFn=6\n","2020-10-27 00:00:00",NULL,"6");
INSERT INTO funcion VALUES("8","Gestionar asistencias","/DayClass/images/administrarAsistencias.png","/DayClass/Administrador/Asistencias/asistencias.php","2020-10-29 00:00:00",NULL,"8");
INSERT INTO funcion VALUES("9","Registrar autoasistencia","/DayClass/images/registrarAutoasistencia.png","/DayClass/Alumno/autoasistencia.php","2020-10-28 00:00:00",NULL,"9");
INSERT INTO funcion VALUES("10","Generar estad押ticas asistencia","/DayClass/images/estadisticas.png","/DayClass/Administrador/Estadisticas/estadistica_curso.php","2020-10-27 00:00:00",NULL,"10");
INSERT INTO funcion VALUES("12","Cargar justificativo","/DayClass/images/justificativoCargar.png","/DayClass/Alumno/Justificativos/justificativos.php","2020-10-28 00:00:00",NULL,"11");
INSERT INTO funcion VALUES("13","Validar justificativo","/DayClass/images/justificativoValidar.png","/DayClass/Administrador/Justificativos/validar_justificativos.php","2020-10-29 00:00:00",NULL,"12");
INSERT INTO funcion VALUES("15","Configurar sistema","/DayClass/images/configuraciones.png","/DayClass/Administrador/ConfiguracionSistema/Parametros/config_parametros.php","2020-10-29 00:00:00",NULL,"13");
INSERT INTO funcion VALUES("17","Publicar novedades","/DayClass/images/pizarra-de-novedades.png","/DayClass/Profesor/seleccionCurso.php?codFn=15\n","2020-10-29 00:00:00",NULL,"15");
INSERT INTO funcion VALUES("18","Generar estadisticas de asistencia de curso asociado","/DayClass/images/estadisticaCurso.png","/DayClass/Profesor/seleccionCurso.php?codFn=16","2020-10-29 00:00:00",NULL,"16");
INSERT INTO funcion VALUES("19","Ver curso en los que esta inscripto","/DayClass/images/cursos.png","/DayClass/Alumno/materiasAlumno.php","2020-10-29 00:00:00",NULL,"17");
INSERT INTO funcion VALUES("20","Ver asistencias a cursos asociados","/DayClass/images/asistencia.png","/DayClass/Alumno/Asistencias/asistencias.php","2020-10-27 00:00:00",NULL,"18");
INSERT INTO funcion VALUES("21","Administrar usuarios","/DayClass/images/gestionUsuarios.png","/DayClass/Administrador/ConfiguracionSistema/Usuario/configUsuario.php","2020-11-01 00:00:00",NULL,"19");
INSERT INTO funcion VALUES("22","Gestionar copia de seguridad","/DayClass/images/copiaSeguridad.png","/DayClass/Administrador/ConfiguracionSistema/BackupRecuperacion/backup.php","2020-11-01 00:00:00",NULL,"20");
INSERT INTO funcion VALUES("23","Comprobar alumnos libres","/DayClass/images/alumnosLibres.png","/DayClass/Administrador/AlumnosLibres/buscarAlumnosLibres.php","2020-11-01 00:00:00",NULL,"21");
INSERT INTO funcion VALUES("24","Gestion de roles","/DayClass/images/administrarRoles.png","/DayClass/Administrador/Perfiles/perfiles.php","2020-11-01 00:00:00",NULL,"22");
INSERT INTO funcion VALUES("26","Generar reporte de asistencia de curso asociado","/DayClass/images/reporteAsistenciaCurso.png","/DayClass/Profesor/seleccionCurso.php?codFn=23","2020-11-01 00:00:00",NULL,"23");
INSERT INTO funcion VALUES("27","Ver curso que dicta",NULL,"/DayClass/Profesor/seleccionCurso.php?codFn=24","2020-11-01 00:00:00",NULL,"24");





CREATE TABLE `horariocurso` (
  `id` int(11) NOT NULL AUTO_INCREMENT,
  `horaFinCurso` time NOT NULL,
  `horaInicioCurso` time NOT NULL,
  `curso_id` int(11) DEFAULT NULL,
  `cursoDia_id` int(11) DEFAULT NULL,
  PRIMARY KEY (`id`),
  KEY `FKc1fqqmvfrs27v0ujycjokrq0j` (`curso_id`),
  KEY `FKh09fpmkq3ex3t1ets58oa0q0p` (`cursoDia_id`)
) ENGINE=MyISAM AUTO_INCREMENT=181 DEFAULT CHARSET=utf8mb4;

INSERT INTO horariocurso VALUES("53","19:00:00","17:00:00","23","15");
INSERT INTO horariocurso VALUES("21","23:00:00","07:00:00","21","21");
INSERT INTO horariocurso VALUES("20","21:45:00","20:45:00","21","15");
INSERT INTO horariocurso VALUES("179","23:00:00","10:00:00","20","20");
INSERT INTO horariocurso VALUES("178","21:00:00","08:00:00","20","19");
INSERT INTO horariocurso VALUES("177","23:00:00","07:00:00","20","17");
INSERT INTO horariocurso VALUES("169","23:00:00","07:00:00","18","21");
INSERT INTO horariocurso VALUES("168","21:00:00","10:00:00","18","20");
INSERT INTO horariocurso VALUES("167","20:03:00","07:03:00","18","18");
INSERT INTO horariocurso VALUES("166","23:00:00","07:00:00","18","17");
INSERT INTO horariocurso VALUES("24","20:00:00","18:00:00","22","16");
INSERT INTO horariocurso VALUES("25","23:00:00","07:00:00","22","20");
INSERT INTO horariocurso VALUES("26","23:00:00","07:00:00","22","21");
INSERT INTO horariocurso VALUES("176","23:00:00","07:00:00","20","16");
INSERT INTO horariocurso VALUES("47","23:00:00","07:00:00","27","16");
INSERT INTO horariocurso VALUES("46","17:32:00","13:32:00","27","15");
INSERT INTO horariocurso VALUES("30","19:00:00","17:00:00","24","16");
INSERT INTO horariocurso VALUES("31","19:00:00","17:00:00","24","18");
INSERT INTO horariocurso VALUES("32","11:00:00","09:00:00","24","20");
INSERT INTO horariocurso VALUES("174","22:00:00","08:00:00","25","21");
INSERT INTO horariocurso VALUES("54","23:00:00","07:00:00","23","16");
INSERT INTO horariocurso VALUES("165","23:00:00","07:00:00","18","16");
INSERT INTO horariocurso VALUES("175","22:00:00","08:00:00","20","15");
INSERT INTO horariocurso VALUES("164","23:00:00","07:00:00","18","15");
INSERT INTO horariocurso VALUES("173","23:00:00","07:00:00","25","20");
INSERT INTO horariocurso VALUES("172","20:00:00","07:00:00","25","19");
INSERT INTO horariocurso VALUES("171","22:30:00","07:30:00","25","16");
INSERT INTO horariocurso VALUES("170","23:00:00","07:00:00","25","15");
INSERT INTO horariocurso VALUES("180","23:00:00","08:00:00","20","21");





CREATE TABLE `institucion` (
  `id` int(11) NOT NULL AUTO_INCREMENT,
  `fechaAltaInstitucion` date DEFAULT NULL,
  `fechaBajaInstitucion` date DEFAULT NULL,
  `nombreInstitucion` varchar(255) DEFAULT NULL,
  `telefonoInstitucion` varchar(255) NOT NULL,
  `direccionInstitucion` varchar(255) NOT NULL,
  `correoInstitucion` varchar(255) NOT NULL,
  PRIMARY KEY (`id`)
) ENGINE=MyISAM DEFAULT CHARSET=utf8mb4;






CREATE TABLE `justificativo` (
  `id` int(11) NOT NULL AUTO_INCREMENT,
  `aprobado` tinyint(1) NOT NULL,
  `comentarioJustificativo` varchar(255) DEFAULT NULL,
  `fechaPresentacion` date DEFAULT NULL,
  `fechaRevision` datetime DEFAULT NULL,
  `imagenJustificativo` longblob,
  `alumno_id` int(11) DEFAULT NULL,
  `fechaDesdeJustificativo` date DEFAULT NULL,
  `fechaHastaJustificativo` date DEFAULT NULL,
  `extensionImagen` varchar(255) DEFAULT NULL,
  `descripcionImagen` varchar(255) DEFAULT NULL,
  PRIMARY KEY (`id`),
  KEY `FKtm1gv5wen4ld811v7ampmrbbr` (`alumno_id`)
) ENGINE=MyISAM AUTO_INCREMENT=23 DEFAULT CHARSET=utf8mb4;






CREATE TABLE `justificativoasistenciadia` (
  `id` int(11) NOT NULL AUTO_INCREMENT,
  `asistenciaDia_id` int(11) DEFAULT NULL,
  `justificativo_id` int(11) DEFAULT NULL,
  PRIMARY KEY (`id`),
  KEY `FKsdpoolygcb0uadr6goyeodvow` (`asistenciaDia_id`),
  KEY `FKcosqyw65g6la8dfcvaonnx3j9` (`justificativo_id`)
) ENGINE=MyISAM AUTO_INCREMENT=72 DEFAULT CHARSET=utf8mb4;






CREATE TABLE `materia` (
  `id` int(11) NOT NULL AUTO_INCREMENT,
  `fechaAltaMateria` date DEFAULT NULL,
  `fechaBajaMateria` date DEFAULT NULL,
  `nivelMateria` int(11) NOT NULL,
  `nombreMateria` varchar(255) DEFAULT NULL,
  `cargaHorariaMateria` int(11) DEFAULT NULL,
  PRIMARY KEY (`id`)
) ENGINE=MyISAM AUTO_INCREMENT=11 DEFAULT CHARSET=utf8mb4;

INSERT INTO materia VALUES("4","2020-08-23",NULL,"1","Lengua","16");
INSERT INTO materia VALUES("5","2020-08-23",NULL,"2","Lengua",NULL);
INSERT INTO materia VALUES("6","2020-09-01",NULL,"1","Matem치tica","8");
INSERT INTO materia VALUES("7","2020-09-05",NULL,"2","Matem치tica","36");
INSERT INTO materia VALUES("8","2020-09-21",NULL,"3","Matem치tica","6");
INSERT INTO materia VALUES("9","2020-09-21",NULL,"1","Biolog칤a","8");
INSERT INTO materia VALUES("10","2020-09-22",NULL,"3","Ciencias Sociales","6");





CREATE TABLE `modalidad` (
  `id` int(11) NOT NULL AUTO_INCREMENT,
  `fechaAltaModalidad` date DEFAULT NULL,
  `fechaBajaModalidad` date DEFAULT NULL,
  `nombre` varchar(255) DEFAULT NULL,
  PRIMARY KEY (`id`)
) ENGINE=MyISAM AUTO_INCREMENT=4 DEFAULT CHARSET=utf8mb4;

INSERT INTO modalidad VALUES("1","2020-07-31",NULL,"Sistemas");
INSERT INTO modalidad VALUES("2","2020-08-27",NULL,"Enonomia");
INSERT INTO modalidad VALUES("3","2020-09-01",NULL,"Humanidades");





CREATE TABLE `motivodiasinclases` (
  `id` int(11) NOT NULL AUTO_INCREMENT,
  `nombreMotivoDiaSinClases` varchar(255) DEFAULT NULL,
  `fechaDesdeMotivoDiaSinClases` date DEFAULT NULL,
  `fechaHastaMotivoDiaSinClases` date DEFAULT NULL,
  PRIMARY KEY (`id`)
) ENGINE=InnoDB AUTO_INCREMENT=4 DEFAULT CHARSET=latin1;

INSERT INTO motivodiasinclases VALUES("1","Feriado","2020-10-08",NULL);
INSERT INTO motivodiasinclases VALUES("2","Mesa de examen","2020-10-08",NULL);
INSERT INTO motivodiasinclases VALUES("3","Suspensi칩n de clases","2020-10-16",NULL);





CREATE TABLE `notificacionprofe` (
  `id` int(11) NOT NULL AUTO_INCREMENT,
  `asunto` varchar(255) DEFAULT NULL,
  `fechaHoraNotif` datetime DEFAULT NULL,
  `mensaje` varchar(255) DEFAULT NULL,
  `curso_id` int(11) DEFAULT NULL,
  `profesor_id` int(11) DEFAULT NULL,
  `fechaDesdeNotificacionProfe` date NOT NULL,
  `fechaHastaNotificacionProfe` date NOT NULL,
  PRIMARY KEY (`id`),
  KEY `FKr8sm4xvbauo615nevjvo6ak7t` (`curso_id`),
  KEY `FK8q19xnfemjpbhl93ueu21fr4g` (`profesor_id`)
) ENGINE=MyISAM AUTO_INCREMENT=8 DEFAULT CHARSET=utf8mb4;

INSERT INTO notificacionprofe VALUES("4","Mensaje prueba","2020-09-22 18:18:24","mensaje de prueba demo","25","238","0000-00-00","0000-00-00");
INSERT INTO notificacionprofe VALUES("5","Bienvenidos a Lengua ","2020-09-23 20:48:46","El d칤a lunes tendremos la primer clase saludos ","18","226","0000-00-00","0000-00-00");
INSERT INTO notificacionprofe VALUES("6","Mensaje prueba","2020-09-24 21:22:56","Buen comienzo de cursado ","20","238","0000-00-00","0000-00-00");
INSERT INTO notificacionprofe VALUES("7","Evaluacion dia 01/10","2020-09-28 08:08:52","Recuerden que el dia 01/01/2020, tendremos la primera evaluaci칩n parcial que incluye los temas vistos hasta la semana pasada.\n\nSaludos \nSamantha ","20","238","0000-00-00","0000-00-00");





CREATE TABLE `parametrolegajo` (
  `id` int(11) NOT NULL,
  `esDNI` int(1) NOT NULL,
  `tieneLetras` int(1) NOT NULL,
  `cantLetras` int(11) NOT NULL,
  `tieneNumeros` tinyint(1) NOT NULL,
  `cantNumeros` int(11) NOT NULL,
  `cantTotalCaracteres` int(11) NOT NULL,
  PRIMARY KEY (`id`)
) ENGINE=InnoDB DEFAULT CHARSET=utf8 COLLATE=utf8_spanish_ci;

INSERT INTO parametrolegajo VALUES("1","0","1","2","1","5","7");





CREATE TABLE `paramminimoasistencia` (
  `id` int(11) NOT NULL AUTO_INCREMENT,
  `fechaAltaMinimoAsistencia` date DEFAULT NULL,
  `fechaBajaMinimoAsistencia` date DEFAULT NULL,
  `porcentajeAsistencia` float DEFAULT NULL,
  `cursoEstadoAlumno_id` int(11) DEFAULT NULL,
  PRIMARY KEY (`id`),
  KEY `FKdsdauip557b770enom24gw1h8` (`cursoEstadoAlumno_id`)
) ENGINE=MyISAM AUTO_INCREMENT=10 DEFAULT CHARSET=utf8mb4;

INSERT INTO paramminimoasistencia VALUES("2","2020-09-13","2020-10-03","0.85",NULL);
INSERT INTO paramminimoasistencia VALUES("6","2020-10-03","2020-10-03","0.3",NULL);
INSERT INTO paramminimoasistencia VALUES("7","2020-10-03","2020-10-27","0.85",NULL);
INSERT INTO paramminimoasistencia VALUES("8","2020-10-27","2020-10-27","0.15",NULL);
INSERT INTO paramminimoasistencia VALUES("9","2020-10-27",NULL,"0.85",NULL);





CREATE TABLE `permiso` (
  `id` int(11) NOT NULL AUTO_INCREMENT,
  `fechaDesdePer` date DEFAULT NULL,
  `fechaHastaPer` date DEFAULT NULL,
  `nombrePermiso` varchar(255) DEFAULT NULL,
  PRIMARY KEY (`id`)
) ENGINE=MyISAM AUTO_INCREMENT=10 DEFAULT CHARSET=utf8mb4;

INSERT INTO permiso VALUES("1","2020-07-30",NULL,"ALUMNO");
INSERT INTO permiso VALUES("2","2020-07-30",NULL,"DOCENTE");
INSERT INTO permiso VALUES("3","2020-07-30",NULL,"ADMINISTRADOR");
INSERT INTO permiso VALUES("4","2020-10-27",NULL,"CELADOR");
INSERT INTO permiso VALUES("6","2020-10-28","2020-11-03","DIRECTOR");
INSERT INTO permiso VALUES("7","2020-10-28",NULL,"SECRETARIO");
INSERT INTO permiso VALUES("9","2020-10-29","2020-11-04","AUXILIAR ADMINISTRATIVO");





CREATE TABLE `permisofuncion` (
  `id` int(11) NOT NULL AUTO_INCREMENT,
  `id_permiso` int(11) DEFAULT NULL,
  `id_funcion` int(11) DEFAULT NULL,
  `fechaDesdePermisoFuncion` datetime DEFAULT NULL,
  `fechaHastaPermisoFuncion` datetime DEFAULT NULL,
  PRIMARY KEY (`id`)
) ENGINE=InnoDB AUTO_INCREMENT=142 DEFAULT CHARSET=latin1;

INSERT INTO permisofuncion VALUES("5","6","1","2020-10-28 00:00:00",NULL);
INSERT INTO permisofuncion VALUES("6","6","6","2020-10-28 00:00:00",NULL);
INSERT INTO permisofuncion VALUES("7","6","5","2020-10-28 00:00:00",NULL);
INSERT INTO permisofuncion VALUES("8","7","1","2020-10-28 00:00:00","2020-11-04 00:00:00");
INSERT INTO permisofuncion VALUES("9","7","4","2020-10-28 00:00:00","2020-11-04 00:00:00");
INSERT INTO permisofuncion VALUES("10","7","5","2020-10-28 00:00:00","2020-11-04 00:00:00");
INSERT INTO permisofuncion VALUES("38","1","12","2020-10-29 00:00:00","2020-11-05 00:00:00");
INSERT INTO permisofuncion VALUES("39","1","9","2020-10-29 00:00:00","2020-11-05 00:00:00");
INSERT INTO permisofuncion VALUES("40","1","19","2020-10-29 00:00:00","2020-11-05 00:00:00");
INSERT INTO permisofuncion VALUES("41","1","18","2020-10-29 00:00:00","2020-11-05 00:00:00");
INSERT INTO permisofuncion VALUES("42","1","20","2020-10-29 00:00:00","2020-11-05 00:00:00");
INSERT INTO permisofuncion VALUES("64","3","1","2020-11-03 00:00:00",NULL);
INSERT INTO permisofuncion VALUES("65","3","21","2020-11-03 00:00:00",NULL);
INSERT INTO permisofuncion VALUES("66","3","23","2020-11-03 00:00:00",NULL);
INSERT INTO permisofuncion VALUES("67","3","15","2020-11-03 00:00:00",NULL);
INSERT INTO permisofuncion VALUES("68","3","10","2020-11-03 00:00:00",NULL);
INSERT INTO permisofuncion VALUES("69","3","2","2020-11-03 00:00:00",NULL);
INSERT INTO permisofuncion VALUES("70","3","3","2020-11-03 00:00:00",NULL);
INSERT INTO permisofuncion VALUES("71","3","24","2020-11-03 00:00:00",NULL);
INSERT INTO permisofuncion VALUES("72","3","8","2020-11-03 00:00:00",NULL);
INSERT INTO permisofuncion VALUES("73","3","22","2020-11-03 00:00:00",NULL);
INSERT INTO permisofuncion VALUES("74","3","13","2020-11-03 00:00:00",NULL);
INSERT INTO permisofuncion VALUES("75","4","1","2020-11-04 00:00:00","2020-11-05 00:00:00");
INSERT INTO permisofuncion VALUES("76","4","21","2020-11-04 00:00:00","2020-11-05 00:00:00");
INSERT INTO permisofuncion VALUES("77","4","6","2020-11-04 00:00:00","2020-11-05 00:00:00");
INSERT INTO permisofuncion VALUES("78","4","12","2020-11-04 00:00:00","2020-11-05 00:00:00");
INSERT INTO permisofuncion VALUES("79","4","9","2020-11-04 00:00:00","2020-11-05 00:00:00");
INSERT INTO permisofuncion VALUES("80","4","4","2020-11-04 00:00:00","2020-11-05 00:00:00");
INSERT INTO permisofuncion VALUES("81","4","23","2020-11-04 00:00:00","2020-11-05 00:00:00");
INSERT INTO permisofuncion VALUES("82","4","15","2020-11-04 00:00:00","2020-11-05 00:00:00");
INSERT INTO permisofuncion VALUES("83","4","10","2020-11-04 00:00:00","2020-11-05 00:00:00");
INSERT INTO permisofuncion VALUES("84","4","2","2020-11-04 00:00:00","2020-11-05 00:00:00");
INSERT INTO permisofuncion VALUES("85","4","3","2020-11-04 00:00:00","2020-11-05 00:00:00");
INSERT INTO permisofuncion VALUES("86","4","24","2020-11-04 00:00:00","2020-11-05 00:00:00");
INSERT INTO permisofuncion VALUES("87","4","8","2020-11-04 00:00:00","2020-11-05 00:00:00");
INSERT INTO permisofuncion VALUES("88","4","22","2020-11-04 00:00:00","2020-11-05 00:00:00");
INSERT INTO permisofuncion VALUES("89","4","5","2020-11-04 00:00:00","2020-11-05 00:00:00");
INSERT INTO permisofuncion VALUES("90","4","17","2020-11-04 00:00:00","2020-11-05 00:00:00");
INSERT INTO permisofuncion VALUES("91","4","7","2020-11-04 00:00:00","2020-11-05 00:00:00");
INSERT INTO permisofuncion VALUES("92","4","13","2020-11-04 00:00:00","2020-11-05 00:00:00");
INSERT INTO permisofuncion VALUES("93","4","20","2020-11-04 00:00:00","2020-11-05 00:00:00");
INSERT INTO permisofuncion VALUES("94","4","19","2020-11-04 00:00:00","2020-11-05 00:00:00");
INSERT INTO permisofuncion VALUES("95","4","18","2020-11-04 00:00:00","2020-11-05 00:00:00");
INSERT INTO permisofuncion VALUES("96","2","6","2020-11-04 00:00:00","2020-11-05 00:00:00");
INSERT INTO permisofuncion VALUES("97","2","4","2020-11-04 00:00:00","2020-11-05 00:00:00");
INSERT INTO permisofuncion VALUES("98","2","23","2020-11-04 00:00:00","2020-11-05 00:00:00");
INSERT INTO permisofuncion VALUES("99","2","10","2020-11-04 00:00:00","2020-11-05 00:00:00");
INSERT INTO permisofuncion VALUES("100","2","2","2020-11-04 00:00:00","2020-11-05 00:00:00");
INSERT INTO permisofuncion VALUES("101","2","5","2020-11-04 00:00:00","2020-11-05 00:00:00");
INSERT INTO permisofuncion VALUES("102","2","17","2020-11-04 00:00:00","2020-11-05 00:00:00");
INSERT INTO permisofuncion VALUES("103","7","1","2020-11-04 00:00:00",NULL);
INSERT INTO permisofuncion VALUES("104","7","23","2020-11-04 00:00:00",NULL);
INSERT INTO permisofuncion VALUES("105","7","2","2020-11-04 00:00:00",NULL);
INSERT INTO permisofuncion VALUES("106","7","3","2020-11-04 00:00:00",NULL);
INSERT INTO permisofuncion VALUES("107","7","8","2020-11-04 00:00:00",NULL);
INSERT INTO permisofuncion VALUES("108","7","13","2020-11-04 00:00:00",NULL);
INSERT INTO permisofuncion VALUES("109","4","1","2020-11-05 00:00:00",NULL);
INSERT INTO permisofuncion VALUES("110","4","21","2020-11-05 00:00:00",NULL);
INSERT INTO permisofuncion VALUES("111","4","6","2020-11-05 00:00:00",NULL);
INSERT INTO permisofuncion VALUES("112","4","12","2020-11-05 00:00:00",NULL);
INSERT INTO permisofuncion VALUES("113","4","4","2020-11-05 00:00:00",NULL);
INSERT INTO permisofuncion VALUES("114","4","23","2020-11-05 00:00:00",NULL);
INSERT INTO permisofuncion VALUES("115","4","15","2020-11-05 00:00:00",NULL);
INSERT INTO permisofuncion VALUES("116","4","10","2020-11-05 00:00:00",NULL);
INSERT INTO permisofuncion VALUES("117","4","18","2020-11-05 00:00:00",NULL);
INSERT INTO permisofuncion VALUES("118","4","26","2020-11-05 00:00:00",NULL);
INSERT INTO permisofuncion VALUES("119","4","2","2020-11-05 00:00:00",NULL);
INSERT INTO permisofuncion VALUES("120","4","3","2020-11-05 00:00:00",NULL);
INSERT INTO permisofuncion VALUES("121","4","24","2020-11-05 00:00:00",NULL);
INSERT INTO permisofuncion VALUES("122","4","8","2020-11-05 00:00:00",NULL);
INSERT INTO permisofuncion VALUES("123","4","22","2020-11-05 00:00:00",NULL);
INSERT INTO permisofuncion VALUES("124","4","5","2020-11-05 00:00:00",NULL);
INSERT INTO permisofuncion VALUES("125","4","17","2020-11-05 00:00:00",NULL);
INSERT INTO permisofuncion VALUES("126","4","9","2020-11-05 00:00:00",NULL);
INSERT INTO permisofuncion VALUES("127","4","13","2020-11-05 00:00:00",NULL);
INSERT INTO permisofuncion VALUES("128","4","20","2020-11-05 00:00:00",NULL);
INSERT INTO permisofuncion VALUES("129","4","19","2020-11-05 00:00:00",NULL);
INSERT INTO permisofuncion VALUES("130","1","12","2020-11-05 00:00:00",NULL);
INSERT INTO permisofuncion VALUES("131","1","9","2020-11-05 00:00:00",NULL);
INSERT INTO permisofuncion VALUES("132","1","20","2020-11-05 00:00:00",NULL);
INSERT INTO permisofuncion VALUES("133","1","19","2020-11-05 00:00:00",NULL);
INSERT INTO permisofuncion VALUES("134","2","6","2020-11-05 00:00:00",NULL);
INSERT INTO permisofuncion VALUES("135","2","4","2020-11-05 00:00:00",NULL);
INSERT INTO permisofuncion VALUES("136","2","23","2020-11-05 00:00:00",NULL);
INSERT INTO permisofuncion VALUES("137","2","10","2020-11-05 00:00:00",NULL);
INSERT INTO permisofuncion VALUES("138","2","2","2020-11-05 00:00:00",NULL);
INSERT INTO permisofuncion VALUES("139","2","5","2020-11-05 00:00:00",NULL);
INSERT INTO permisofuncion VALUES("140","2","17","2020-11-05 00:00:00",NULL);
INSERT INTO permisofuncion VALUES("141","2","27","2020-11-05 00:00:00",NULL);





CREATE TABLE `profesor` (
  `id` int(11) NOT NULL AUTO_INCREMENT,
  `apellidoProf` varchar(255) DEFAULT NULL,
  `contraseniaProf` varchar(255) DEFAULT NULL,
  `dniProf` int(11) NOT NULL,
  `emailProf` varchar(255) DEFAULT NULL,
  `fechaAltaProf` date DEFAULT NULL,
  `fechaBajaProf` date DEFAULT NULL,
  `fechaNacProf` date DEFAULT NULL,
  `legajoProf` varchar(255) NOT NULL,
  `nombreProf` varchar(255) DEFAULT NULL,
  `permiso_id` int(11) DEFAULT NULL,
  PRIMARY KEY (`id`),
  KEY `FK62q9qdgk50ph2cra8pt464rpp` (`permiso_id`)
) ENGINE=MyISAM AUTO_INCREMENT=289 DEFAULT CHARSET=utf8mb4;

INSERT INTO profesor VALUES("232","Barnes",NULL,"14467596",NULL,"2020-09-20",NULL,NULL,"PR90006","Daria","2");
INSERT INTO profesor VALUES("233","Barry",NULL,"11537358",NULL,"2020-09-20",NULL,NULL,"PR90007","Vance","2");
INSERT INTO profesor VALUES("231","Barlow",NULL,"20684890",NULL,"2020-09-20",NULL,NULL,"PR90005","Nash","2");
INSERT INTO profesor VALUES("228","Andrews",NULL,"11700237",NULL,"2020-09-20",NULL,NULL,"PR90002","Arden","2");
INSERT INTO profesor VALUES("229","Anthony",NULL,"16529441",NULL,"2020-09-20",NULL,NULL,"PR90003","Faith","2");
INSERT INTO profesor VALUES("270","Higgins",NULL,"20557761",NULL,"2020-09-20",NULL,NULL,"PR90044","Shad","2");
INSERT INTO profesor VALUES("269","Herman",NULL,"17350654",NULL,"2020-09-20",NULL,NULL,"PR90043","Pearl","2");
INSERT INTO profesor VALUES("268","Hatfield",NULL,"10462925",NULL,"2020-09-20",NULL,NULL,"PR90042","Kasimir","2");
INSERT INTO profesor VALUES("267","Hartman",NULL,"21185275",NULL,"2020-09-20",NULL,NULL,"PR90041","Darrel","2");
INSERT INTO profesor VALUES("266","Hardy",NULL,"21262344",NULL,"2020-09-20",NULL,NULL,"PR90040","Lars","2");
INSERT INTO profesor VALUES("265","Griffin",NULL,"23432540",NULL,"2020-09-20",NULL,NULL,"PR90039","Jaquelyn","2");
INSERT INTO profesor VALUES("264","Good",NULL,"23523841",NULL,"2020-09-20",NULL,NULL,"PR90038","Hayley","2");
INSERT INTO profesor VALUES("263","Gentry",NULL,"19947972",NULL,"2020-09-20",NULL,NULL,"PR90037","Anastasia","2");
INSERT INTO profesor VALUES("262","Franco",NULL,"23803239",NULL,"2020-09-20",NULL,NULL,"PR90036","Prescott","2");
INSERT INTO profesor VALUES("261","Foreman",NULL,"19085599",NULL,"2020-09-20",NULL,NULL,"PR90035","Oliver","2");
INSERT INTO profesor VALUES("260","Fisher",NULL,"20574466",NULL,"2020-09-20",NULL,NULL,"PR90034","Emmanuel","2");
INSERT INTO profesor VALUES("259","Fields",NULL,"20752043",NULL,"2020-09-20",NULL,NULL,"PR90033","Ivana","2");
INSERT INTO profesor VALUES("258","Farley",NULL,"20318629",NULL,"2020-09-20",NULL,NULL,"PR90032","Madonna","2");
INSERT INTO profesor VALUES("257","Drake",NULL,"14628685",NULL,"2020-09-20",NULL,NULL,"PR90031","Hilda","2");
INSERT INTO profesor VALUES("256","Doyle",NULL,"13667844",NULL,"2020-09-20",NULL,NULL,"PR90030","Rashad","2");
INSERT INTO profesor VALUES("255","Daniels",NULL,"24602983",NULL,"2020-09-20",NULL,NULL,"PR90029","Nicole","2");
INSERT INTO profesor VALUES("254","Crane",NULL,"24842771",NULL,"2020-09-20",NULL,NULL,"PR90028","Drake","2");
INSERT INTO profesor VALUES("253","Cotton",NULL,"20277607",NULL,"2020-09-20",NULL,NULL,"PR90027","Savannah","2");
INSERT INTO profesor VALUES("252","Cortez",NULL,"12921202",NULL,"2020-09-20",NULL,NULL,"PR90026","Nadine","2");
INSERT INTO profesor VALUES("251","Collins",NULL,"16572676",NULL,"2020-09-20",NULL,NULL,"PR90025","Price","2");
INSERT INTO profesor VALUES("250","Clarke",NULL,"10725176",NULL,"2020-09-20",NULL,NULL,"PR90024","Hedley","2");
INSERT INTO profesor VALUES("249","Chambers",NULL,"11080178",NULL,"2020-09-20",NULL,NULL,"PR90023","Owen","2");
INSERT INTO profesor VALUES("248","Cervantes",NULL,"13206018",NULL,"2020-09-20",NULL,NULL,"PR90022","Fuller","2");
INSERT INTO profesor VALUES("247","Carlson",NULL,"19247224",NULL,"2020-09-20",NULL,NULL,"PR90021","Garrett","2");
INSERT INTO profesor VALUES("246","Cameron",NULL,"24904907",NULL,"2020-09-20",NULL,NULL,"PR90020","Elvis","2");
INSERT INTO profesor VALUES("245","Bullock",NULL,"17032877",NULL,"2020-09-20",NULL,NULL,"PR90019","Gail","2");
INSERT INTO profesor VALUES("244","Buchanan",NULL,"19763883",NULL,"2020-09-20",NULL,NULL,"PR90018","Abigail","2");
INSERT INTO profesor VALUES("243","Bruce",NULL,"14187665",NULL,"2020-09-20",NULL,NULL,"PR90017","Louis","2");
INSERT INTO profesor VALUES("242","Brown",NULL,"15583560",NULL,"2020-09-20",NULL,NULL,"PR90016","Boris","2");
INSERT INTO profesor VALUES("241","Brooks",NULL,"15630879",NULL,"2020-09-20",NULL,NULL,"PR90015","Ian","2");
INSERT INTO profesor VALUES("240","Bray",NULL,"23758230",NULL,"2020-09-20",NULL,NULL,"PR90014","Drake","2");
INSERT INTO profesor VALUES("239","Brady",NULL,"24306617",NULL,"2020-09-20",NULL,NULL,"PR90013","Lenore","2");
INSERT INTO profesor VALUES("238","Bradshaw","$2y$10$Wmo5Ss7YxiLrTHksBg9rHuY.GfnjicERCIFYdx92eB3Uuf622HeYi","15151583","sbrad@mail.com","2020-09-20",NULL,"1987-02-21","PR90012","Samantha","2");
INSERT INTO profesor VALUES("237","Bradford",NULL,"24157590",NULL,"2020-09-20",NULL,NULL,"PR90011","Kathleen","2");
INSERT INTO profesor VALUES("236","Bond",NULL,"12618030",NULL,"2020-09-20",NULL,NULL,"PR90010","Giselle","2");
INSERT INTO profesor VALUES("235","Beard",NULL,"19617326",NULL,"2020-09-20",NULL,NULL,"PR90009","Brock","2");
INSERT INTO profesor VALUES("234","Bauer",NULL,"20609060",NULL,"2020-09-20",NULL,NULL,"PR90008","Len","2");
INSERT INTO profesor VALUES("230","Ballard",NULL,"21669268",NULL,"2020-09-20",NULL,NULL,"PR90004","Petra","2");
INSERT INTO profesor VALUES("226","Aguirre","$2y$10$jUZsqLYkV4YVGB0vVPo9/uDZ0jpKMSOjxIvEjFHDqR1kJ1tWo8v66","14248800","cobyaguirre@mail.com","2020-09-20",NULL,"1960-11-18","PR90000","Coby","2");
INSERT INTO profesor VALUES("227","Alvarado",NULL,"23234845",NULL,"2020-09-20",NULL,NULL,"PR90001","Rana","2");
INSERT INTO profesor VALUES("271","Higgins",NULL,"11546781",NULL,"2020-09-20",NULL,NULL,"PR90045","Kalia","2");
INSERT INTO profesor VALUES("272","Hogan",NULL,"18531701",NULL,"2020-09-20",NULL,NULL,"PR90046","Sydnee","2");
INSERT INTO profesor VALUES("273","Holcomb",NULL,"15395201",NULL,"2020-09-20",NULL,NULL,"PR90047","Anastasia","2");
INSERT INTO profesor VALUES("274","Hood",NULL,"16763857",NULL,"2020-09-20",NULL,NULL,"PR90048","Uriah","2");
INSERT INTO profesor VALUES("275","Hopkins",NULL,"10892106",NULL,"2020-09-20",NULL,NULL,"PR90049","Fritz","2");
INSERT INTO profesor VALUES("276","Hubbard",NULL,"22865049",NULL,"2020-09-20",NULL,NULL,"PR90050","Wendy","2");
INSERT INTO profesor VALUES("277","Huffman",NULL,"20484134",NULL,"2020-09-20",NULL,NULL,"PR90051","Bradley","2");
INSERT INTO profesor VALUES("278","Hutchinson",NULL,"15838695",NULL,"2020-09-20",NULL,NULL,"PR90052","Jolie","2");
INSERT INTO profesor VALUES("279","Hyde",NULL,"12406334",NULL,"2020-09-20",NULL,NULL,"PR90053","Warren","2");
INSERT INTO profesor VALUES("280","Jefferson",NULL,"16737751",NULL,"2020-09-20",NULL,NULL,"PR90054","Deborah","2");
INSERT INTO profesor VALUES("281","Johnson",NULL,"12809807",NULL,"2020-09-20",NULL,NULL,"PR90055","Gavin","2");
INSERT INTO profesor VALUES("282","Kaufman",NULL,"11865383",NULL,"2020-09-20",NULL,NULL,"PR90056","Dieter","2");
INSERT INTO profesor VALUES("283","Kent",NULL,"18306692",NULL,"2020-09-20",NULL,NULL,"PR90057","Blaze","2");
INSERT INTO profesor VALUES("284","Kinney",NULL,"12295784",NULL,"2020-09-20",NULL,NULL,"PR90058","Colleen","2");
INSERT INTO profesor VALUES("285","Klein",NULL,"11858591",NULL,"2020-09-20",NULL,NULL,"PR90059","Emi","2");
INSERT INTO profesor VALUES("286","Knapp",NULL,"19115260",NULL,"2020-09-20",NULL,NULL,"PR90060","Lillith","2");
INSERT INTO profesor VALUES("287","Knapp",NULL,"19110060",NULL,"2020-09-30","2020-09-30",NULL,"PR90069","Lillith","2");
INSERT INTO profesor VALUES("288","yang",NULL,"30212121",NULL,"2020-10-27",NULL,NULL,"PR83698","Esteban","2");





CREATE TABLE `programamateria` (
  `id` int(11) NOT NULL AUTO_INCREMENT,
  `anioPrograma` int(11) NOT NULL,
  `descripcionPrograma` varchar(255) DEFAULT NULL,
  `fechaHastaPrograma` date DEFAULT NULL,
  `materia_id` int(11) DEFAULT NULL,
  `fechaDesdePrograma` date DEFAULT NULL,
  PRIMARY KEY (`id`),
  KEY `FKfqb3t1us027qjp8jctlqi46ui` (`materia_id`)
) ENGINE=MyISAM AUTO_INCREMENT=27 DEFAULT CHARSET=utf8mb4;

INSERT INTO programamateria VALUES("14","2020","Programa Matematica 1",NULL,"6","2020-09-23");
INSERT INTO programamateria VALUES("13","2020","Programa Lengua 1",NULL,"4","2020-09-20");
INSERT INTO programamateria VALUES("23","2020","Programa Biolog칤a 1",NULL,"9","2020-09-24");
INSERT INTO programamateria VALUES("26","2020","programa lengua 2",NULL,"5","2020-10-04");





CREATE TABLE `temadia` (
  `id` int(11) NOT NULL AUTO_INCREMENT,
  `comentarioTema` varchar(255) DEFAULT NULL,
  `fechaTemaDia` datetime DEFAULT NULL,
  `curso_id` int(11) DEFAULT NULL,
  `temasMateria_id` int(11) DEFAULT NULL,
  `profesor_id` int(11) DEFAULT NULL,
  PRIMARY KEY (`id`),
  KEY `FKjpsvm6kadspqw0h80983xg4er` (`curso_id`),
  KEY `FKlrpqrs0v24025xc081vf16dh1` (`temasMateria_id`)
) ENGINE=MyISAM AUTO_INCREMENT=24 DEFAULT CHARSET=utf8mb4;

INSERT INTO temadia VALUES("8","Explicaci칩n y ejemplos, p치ginas 80 a 90 del libro.","2020-09-21 00:00:00","18","132","226");
INSERT INTO temadia VALUES("9","Paginas 99 a 120 del libro de texto de la materia.\nFalta explicar p치gina 119 a 120.","2020-09-21 00:00:00","18","133","226");
INSERT INTO temadia VALUES("10","solo primeros conceptos","2020-09-23 00:00:00","20","153","238");
INSERT INTO temadia VALUES("11","Primera clase explicaci칩n muy general, no profundice mucho","2020-09-24 19:58:52","25","194","238");
INSERT INTO temadia VALUES("12",NULL,"2020-09-27 12:54:25","18","136","226");
INSERT INTO temadia VALUES("13","se da el tema completo ","2020-09-28 08:07:00","20","153","238");
INSERT INTO temadia VALUES("14","trabajo practico Nro 1, para hacer ","2020-09-28 08:07:21","20","158","238");
INSERT INTO temadia VALUES("15",NULL,"2020-10-01 16:59:32","18","137","226");
INSERT INTO temadia VALUES("16",NULL,"2020-10-02 08:09:33","25","194","238");
INSERT INTO temadia VALUES("17","Examen unidad 3 ","2020-10-08 08:06:06","18","139","226");
INSERT INTO temadia VALUES("18",NULL,"2020-10-09 08:13:59","20","161","238");
INSERT INTO temadia VALUES("19","introducci칩n ","2020-10-09 08:14:17","20","162","238");
INSERT INTO temadia VALUES("20",NULL,"2020-10-09 08:15:31","25","198","238");
INSERT INTO temadia VALUES("21","se inicia este tema por cuestiones de tiempo, estructura queda para despu칠s ","2020-10-09 08:16:13","25","200","238");
INSERT INTO temadia VALUES("22","Tema completo","2020-10-10 15:35:29","18","144","226");
INSERT INTO temadia VALUES("23",NULL,"2020-10-20 08:18:04","18","146","226");





CREATE TABLE `temasmateria` (
  `id` int(11) NOT NULL AUTO_INCREMENT,
  `nombreTema` varchar(255) DEFAULT NULL,
  `programaMateria_id` int(11) DEFAULT NULL,
  `unidadTema` int(11) DEFAULT NULL,
  PRIMARY KEY (`id`),
  KEY `FK23mxrw3xvlmkaiyy284c4r0w7` (`programaMateria_id`)
) ENGINE=MyISAM AUTO_INCREMENT=273 DEFAULT CHARSET=utf8mb4;

INSERT INTO temasmateria VALUES("155","Racionalizaci칩n de denominadores.","14","1");
INSERT INTO temasmateria VALUES("153","N칰meros irracionales.","14","1");
INSERT INTO temasmateria VALUES("154","Radicales. Concepto y representaci칩n.","14","1");
INSERT INTO temasmateria VALUES("152","Recreaci칩n de los mitos en el g칠nero narrativo: la novela.","13","6");
INSERT INTO temasmateria VALUES("151","Mitos argentinos. Valoreaci칩n de los mismos. Interpretaci칩n . Autores.","13","6");
INSERT INTO temasmateria VALUES("150","Mitos. Definici칩n. Caracter칤sticas.","13","6");
INSERT INTO temasmateria VALUES("149","Contexto hist칩rico-social.","13","5");
INSERT INTO temasmateria VALUES("134","Tipolog칤as textuales. Trama descriptiva, narrativa, explicativa, argumentativa y conversacional.","13","1");
INSERT INTO temasmateria VALUES("135","La literatura, tragedia, or칤gen. Historias tr치gicas. Caracter칤sticas.","13","1");
INSERT INTO temasmateria VALUES("136","El cuento. Caracter칤sticas. Esquema b치sico. Secuencia narrativa.","13","2");
INSERT INTO temasmateria VALUES("137","Rese침a literaria. Recursos.","13","2");
INSERT INTO temasmateria VALUES("138","Subjetivemas. Tesis y argumentos.","13","2");
INSERT INTO temasmateria VALUES("139","Literatura precolombina, los mayas. Leyendas y mitos de sus or칤genes.","13","3");
INSERT INTO temasmateria VALUES("140","Los mayas como civilizaci칩n. Elementos mitol칩gicos.","13","3");
INSERT INTO temasmateria VALUES("141","La creaci칩n de los hombres.","13","3");
INSERT INTO temasmateria VALUES("142","Lenguaje utilizados.","13","3");
INSERT INTO temasmateria VALUES("143","Lecturas comparadas de otras civilizaciones.","13","3");
INSERT INTO temasmateria VALUES("144","G칠nero l칤rico. Estructura. Verso y estrofa. Ritma y m칠trica.","13","4");
INSERT INTO temasmateria VALUES("145","Epica espa침ola. Temas. El h칠roe. Cantares de gesta. Creaci칩n de la prosa romance.","13","4");
INSERT INTO temasmateria VALUES("146","Tragedia espa침ola.","13","5");
INSERT INTO temasmateria VALUES("147","Car치cteristicas.","13","5");
INSERT INTO temasmateria VALUES("148","Autores destacados. La mirada tr치gica en el texto dram치tico.","13","5");
INSERT INTO temasmateria VALUES("133","Linealidad y complejidad de los textos. Elipsis. Sustituci칩n pronominal y sinomia. Uso de conectores.","13","1");
INSERT INTO temasmateria VALUES("132","Coherencia y cohesi칩n.","13","1");
INSERT INTO temasmateria VALUES("156","Propiedades de la potenciaci칩n y radicaci칩n en R.","14","1");
INSERT INTO temasmateria VALUES("157","Operaciones combinadas.","14","1");
INSERT INTO temasmateria VALUES("158","Regularidades num칠ricas y sucesiones.","14","2");
INSERT INTO temasmateria VALUES("159","Concepto, notaci칩n y lenguaje.","14","2");
INSERT INTO temasmateria VALUES("160","Sucesiones en el mundo real.","14","2");
INSERT INTO temasmateria VALUES("161","Semejanza de figuras planas.","14","3");
INSERT INTO temasmateria VALUES("162","Teorema de Thales.","14","3");
INSERT INTO temasmateria VALUES("163","Razones trigonom칠tricas de un tri치ngulo rect치ngulo.","14","3");
INSERT INTO temasmateria VALUES("164","Uso de la calculadora.","14","3");
INSERT INTO temasmateria VALUES("165","Teorema del seno y del coseno.","14","3");
INSERT INTO temasmateria VALUES("166","Resoluci칩n de tri치ngulos rect치ngulos y oblicu치ngulos.","14","3");
INSERT INTO temasmateria VALUES("167","Relaciones entre razones trigonom칠tricas.","14","3");
INSERT INTO temasmateria VALUES("168","Resoluci칩n de problemas.","14","3");
INSERT INTO temasmateria VALUES("169","Concepto de funciones.","14","4");
INSERT INTO temasmateria VALUES("170","Lectura de gr치ficos y dominio.","14","4");
INSERT INTO temasmateria VALUES("171","Funciones cuadr치ticas.","14","4");
INSERT INTO temasmateria VALUES("172","C치lculo de ceros o ra칤ces.","14","4");
INSERT INTO temasmateria VALUES("173","Gr치fica de la par치bola.","14","4");
INSERT INTO temasmateria VALUES("174","Intervalos de crecimiento y decrecimiento.","14","4");
INSERT INTO temasmateria VALUES("175","Conjunto de positividad y negatividad.","14","4");
INSERT INTO temasmateria VALUES("176","Ecuaci칩n polin칩mica, can칩nica y factorizada.","14","4");
INSERT INTO temasmateria VALUES("177","Ecuaciones e inecuaciones.","14","4");
INSERT INTO temasmateria VALUES("178","Sistemas de ecuaciones.","14","4");
INSERT INTO temasmateria VALUES("179","Polinomios.","14","5");
INSERT INTO temasmateria VALUES("180","Operaciones con polinomios.","14","5");
INSERT INTO temasmateria VALUES("181","Regla de Ruffini.","14","5");
INSERT INTO temasmateria VALUES("182","Teorema del resto.","14","5");
INSERT INTO temasmateria VALUES("183","Factorizaci칩n de polinomios.","14","5");
INSERT INTO temasmateria VALUES("184","Teorema de Gauss.","14","5");
INSERT INTO temasmateria VALUES("185","Casos combinados.","14","5");
INSERT INTO temasmateria VALUES("186","Simplificaci칩n.","14","5");
INSERT INTO temasmateria VALUES("187","Combinatoria.","14","6");
INSERT INTO temasmateria VALUES("188","Binomio de Newton.","14","6");
INSERT INTO temasmateria VALUES("189","Probabilidad.","14","6");
INSERT INTO temasmateria VALUES("190","Espacio muestral.","14","6");
INSERT INTO temasmateria VALUES("191","Sucesos incompatibles e independientes.","14","6");
INSERT INTO temasmateria VALUES("192","Probabilidad condicional","14","6");
INSERT INTO temasmateria VALUES("193","Uso de calculadoras.","14","6");
INSERT INTO temasmateria VALUES("194","Caracterizaci칩n de los seres vivos seg칰n criterios de organizaci칩n, metabolismo y perpetuaci칩n","23","1");
INSERT INTO temasmateria VALUES("195","Unidad y diversidad de funciones y estructuras.","23","1");
INSERT INTO temasmateria VALUES("196"," La composici칩n de los organismos.","23","2");
INSERT INTO temasmateria VALUES("197"," La obtenci칩n de materiales que aportan materia y energ칤a a los seres vivos.","23","2");
INSERT INTO temasmateria VALUES("198","El ecosistema como modelo de estudio.","23","3");
INSERT INTO temasmateria VALUES("199","Estructura del ecosistema.","23","3");
INSERT INTO temasmateria VALUES("200","Interacciones en el ecosistema.","23","3");
INSERT INTO temasmateria VALUES("201","Ciclos de la materia y flujos de energ칤a.","23","3");
INSERT INTO temasmateria VALUES("202","Cambios en los ecosistemas.","23","3");
INSERT INTO temasmateria VALUES("203","El origen de la vida seg칰n la concepci칩n actual.","23","4");
INSERT INTO temasmateria VALUES("204","Aparici칩n de las primeras c칠lulas: metabolismo y reproducci칩n.","23","4");
INSERT INTO temasmateria VALUES("205","Los seres vivos despu칠s del origen: todo ser vivo proviene de otro ser vivo.","23","4");
INSERT INTO temasmateria VALUES("206","C칠lulas vegetales y c칠lulas animales","23","5");
INSERT INTO temasmateria VALUES("207","La nutrici칩n en el nivel celular: procesos de endocitosis, fotos칤ntesis y respiraci칩n celular.","23","5");
INSERT INTO temasmateria VALUES("208","Unidad y diversidad de funciones y estructuras.","23","6");
INSERT INTO temasmateria VALUES("209","La diversidad biol칩gica como consecuencia de la evoluci칩n.","23","6");
INSERT INTO temasmateria VALUES("210","Coherencia y cohesi칩n.","24","1");
INSERT INTO temasmateria VALUES("211","Linealidad y complejidad de los textos. Elipsis. Sustituci칩n pronominal y sinomia. Uso de conectores.","24","1");
INSERT INTO temasmateria VALUES("212","Tipolog칤as textuales. Trama descriptiva, narrativa, explicativa, argumentativa y conversacional.","24","1");
INSERT INTO temasmateria VALUES("213","La literatura, tragedia, or칤gen. Historias tr치gicas. Caracter칤sticas.","24","1");
INSERT INTO temasmateria VALUES("214","El cuento. Caracter칤sticas. Esquema b치sico. Secuencia narrativa.","24","2");
INSERT INTO temasmateria VALUES("215","Rese침a literaria. Recursos.","24","2");
INSERT INTO temasmateria VALUES("216","Subjetivemas. Tesis y argumentos.","24","2");
INSERT INTO temasmateria VALUES("217","Literatura precolombina, los mayas. Leyendas y mitos de sus or칤genes.","24","3");
INSERT INTO temasmateria VALUES("218","Los mayas como civilizaci칩n. Elementos mitol칩gicos.","24","3");
INSERT INTO temasmateria VALUES("219","La creaci칩n de los hombres.","24","3");
INSERT INTO temasmateria VALUES("220","Lenguaje utilizados.","24","3");
INSERT INTO temasmateria VALUES("221","Lecturas comparadas de otras civilizaciones.","24","3");
INSERT INTO temasmateria VALUES("222","G칠nero l칤rico. Estructura. Verso y estrofa. Ritma y m칠trica.","24","4");
INSERT INTO temasmateria VALUES("223","Epica espa침ola. Temas. El h칠roe. Cantares de gesta. Creaci칩n de la prosa romance.","24","4");
INSERT INTO temasmateria VALUES("224","Tragedia espa침ola.","24","5");
INSERT INTO temasmateria VALUES("225","Car치cteristicas.","24","5");
INSERT INTO temasmateria VALUES("226","Autores destacados. La mirada tr치gica en el texto dram치tico.","24","5");
INSERT INTO temasmateria VALUES("227","Contexto hist칩rico-social.","24","5");
INSERT INTO temasmateria VALUES("228","Mitos. Definici칩n. Caracter칤sticas.","24","6");
INSERT INTO temasmateria VALUES("229","Mitos argentinos. Valoreaci칩n de los mismos. Interpretaci칩n . Autores.","24","6");
INSERT INTO temasmateria VALUES("230","Recreaci칩n de los mitos en el g칠nero narrativo: la novela.","24","6");
INSERT INTO temasmateria VALUES("231","Coherencia y cohesi칩n.","25","1");
INSERT INTO temasmateria VALUES("232","Linealidad y complejidad de los textos. Elipsis. Sustituci칩n pronominal y sinomia. Uso de conectores.","25","1");
INSERT INTO temasmateria VALUES("233","Tipolog칤as textuales. Trama descriptiva, narrativa, explicativa, argumentativa y conversacional.","25","1");
INSERT INTO temasmateria VALUES("234","La literatura, tragedia, or칤gen. Historias tr치gicas. Caracter칤sticas.","25","1");
INSERT INTO temasmateria VALUES("235","El cuento. Caracter칤sticas. Esquema b치sico. Secuencia narrativa.","25","2");
INSERT INTO temasmateria VALUES("236","Rese침a literaria. Recursos.","25","2");
INSERT INTO temasmateria VALUES("237","Subjetivemas. Tesis y argumentos.","25","2");
INSERT INTO temasmateria VALUES("238","Literatura precolombina, los mayas. Leyendas y mitos de sus or칤genes.","25","3");
INSERT INTO temasmateria VALUES("239","Los mayas como civilizaci칩n. Elementos mitol칩gicos.","25","3");
INSERT INTO temasmateria VALUES("240","La creaci칩n de los hombres.","25","3");
INSERT INTO temasmateria VALUES("241","Lenguaje utilizados.","25","3");
INSERT INTO temasmateria VALUES("242","Lecturas comparadas de otras civilizaciones.","25","3");
INSERT INTO temasmateria VALUES("243","G칠nero l칤rico. Estructura. Verso y estrofa. Ritma y m칠trica.","25","4");
INSERT INTO temasmateria VALUES("244","Epica espa침ola. Temas. El h칠roe. Cantares de gesta. Creaci칩n de la prosa romance.","25","4");
INSERT INTO temasmateria VALUES("245","Tragedia espa침ola.","25","5");
INSERT INTO temasmateria VALUES("246","Car치cteristicas.","25","5");
INSERT INTO temasmateria VALUES("247","Autores destacados. La mirada tr치gica en el texto dram치tico.","25","5");
INSERT INTO temasmateria VALUES("248","Contexto hist칩rico-social.","25","5");
INSERT INTO temasmateria VALUES("249","Mitos. Definici칩n. Caracter칤sticas.","25","6");
INSERT INTO temasmateria VALUES("250","Mitos argentinos. Valoreaci칩n de los mismos. Interpretaci칩n . Autores.","25","6");
INSERT INTO temasmateria VALUES("251","Recreaci칩n de los mitos en el g칠nero narrativo: la novela.","25","6");
INSERT INTO temasmateria VALUES("252","Coherencia y cohesi칩n.","26","1");
INSERT INTO temasmateria VALUES("253","Linealidad y complejidad de los textos. Elipsis. Sustituci칩n pronominal y sinomia. Uso de conectores.","26","1");
INSERT INTO temasmateria VALUES("254","Tipolog칤as textuales. Trama descriptiva, narrativa, explicativa, argumentativa y conversacional.","26","1");
INSERT INTO temasmateria VALUES("255","La literatura, tragedia, or칤gen. Historias tr치gicas. Caracter칤sticas.","26","1");
INSERT INTO temasmateria VALUES("256","El cuento. Caracter칤sticas. Esquema b치sico. Secuencia narrativa.","26","2");
INSERT INTO temasmateria VALUES("257","Rese침a literaria. Recursos.","26","2");
INSERT INTO temasmateria VALUES("258","Subjetivemas. Tesis y argumentos.","26","2");
INSERT INTO temasmateria VALUES("259","Literatura precolombina, los mayas. Leyendas y mitos de sus or칤genes.","26","3");
INSERT INTO temasmateria VALUES("260","Los mayas como civilizaci칩n. Elementos mitol칩gicos.","26","3");
INSERT INTO temasmateria VALUES("261","La creaci칩n de los hombres.","26","3");
INSERT INTO temasmateria VALUES("262","Lenguaje utilizados.","26","3");
INSERT INTO temasmateria VALUES("263","Lecturas comparadas de otras civilizaciones.","26","3");
INSERT INTO temasmateria VALUES("264","G칠nero l칤rico. Estructura. Verso y estrofa. Ritma y m칠trica.","26","4");
INSERT INTO temasmateria VALUES("265","Epica espa침ola. Temas. El h칠roe. Cantares de gesta. Creaci칩n de la prosa romance.","26","4");
INSERT INTO temasmateria VALUES("266","Tragedia espa침ola.","26","5");
INSERT INTO temasmateria VALUES("267","Car치cteristicas.","26","5");
INSERT INTO temasmateria VALUES("268","Autores destacados. La mirada tr치gica en el texto dram치tico.","26","5");
INSERT INTO temasmateria VALUES("269","Contexto hist칩rico-social.","26","5");
INSERT INTO temasmateria VALUES("270","Mitos. Definici칩n. Caracter칤sticas.","26","6");
INSERT INTO temasmateria VALUES("271","Mitos argentinos. Valoreaci칩n de los mismos. Interpretaci칩n . Autores.","26","6");
INSERT INTO temasmateria VALUES("272","Recreaci칩n de los mitos en el g칠nero narrativo: la novela.","26","6");





CREATE TABLE `tiempolimitecodigo` (
  `id` int(11) NOT NULL AUTO_INCREMENT,
  `minutosLimite` int(11) NOT NULL,
  PRIMARY KEY (`id`)
) ENGINE=MyISAM AUTO_INCREMENT=6 DEFAULT CHARSET=utf8mb4;

INSERT INTO tiempolimitecodigo VALUES("5","25");





CREATE TABLE `tipoasistencia` (
  `id` int(11) NOT NULL AUTO_INCREMENT,
  `fechaAltaTipoAsistencia` date DEFAULT NULL,
  `fechaBajaTipoAsistencia` date DEFAULT NULL,
  `nombreTipoAsistencia` varchar(255) DEFAULT NULL,
  PRIMARY KEY (`id`)
) ENGINE=MyISAM AUTO_INCREMENT=4 DEFAULT CHARSET=utf8mb4;

INSERT INTO tipoasistencia VALUES("1","2020-08-03",NULL,"PRESENTE");
INSERT INTO tipoasistencia VALUES("2","2020-08-03",NULL,"AUSENTE");
INSERT INTO tipoasistencia VALUES("3","2020-09-01",NULL,"JUSTIFICADO");





CREATE TABLE `usuario` (
  `id` int(11) NOT NULL AUTO_INCREMENT,
  `nombreUsuario` varchar(255) DEFAULT NULL,
  `apellidoUsuario` varchar(255) DEFAULT NULL,
  `legajoUsuario` varchar(255) DEFAULT NULL,
  `dniUsuario` int(11) DEFAULT NULL,
  `contraseniaUsuario` varchar(255) DEFAULT NULL,
  `emailUsuario` varchar(255) DEFAULT NULL,
  `fechaNacimientoUsuario` date DEFAULT NULL,
  `fechaAltaUsuario` date DEFAULT NULL,
  `fechaBajaUsuario` date DEFAULT NULL,
  `bloqueado` tinyint(1) NOT NULL DEFAULT '0',
  `cuentaHabilitada` tinyint(1) NOT NULL DEFAULT '0',
  `id_permiso` int(11) DEFAULT NULL,
  PRIMARY KEY (`id`)
) ENGINE=InnoDB AUTO_INCREMENT=65 DEFAULT CHARSET=latin1;

INSERT INTO usuario VALUES("1","Leandro","Sgroi","AL41414","40102196","$2y$10$jSIsUkarT6N1VGKfkzocbuP42x/ws8c9jU2PHCApBiYaQVsz28s1S","lean@mail.com","2013-02-27","2020-10-27",NULL,"0","1","4");
INSERT INTO usuario VALUES("2","Cristian","Sacca","AL45454","40102168","$2y$10$0mk1H9K17fsQFSLuukP9.uHSgTJ.9lWKG0j3OnleB8qiXRaaPzOxC","cristian@mail.com","2010-06-01","2020-10-30",NULL,"0","1","2");
INSERT INTO usuario VALUES("3","Coby","Aguirre","PR90000","14248800","$2y$10$66YR.N7HMxmdY43ixC167.93aC.PsA2JOzXOWHCCvXTWcGRI/KJOy","caguirre2@mail.com","2012-02-17","2020-10-30",NULL,"0","1","1");
INSERT INTO usuario VALUES("4","Rana","Alvarado","PR90001","23234845",NULL,NULL,NULL,"2020-10-30",NULL,"0","0",NULL);
INSERT INTO usuario VALUES("5","Arden","Andrews","PR90002","11700237",NULL,NULL,NULL,"2020-10-30",NULL,"0","0",NULL);
INSERT INTO usuario VALUES("6","Faith","Anthony","PR90003","16529441",NULL,NULL,NULL,"2020-10-30",NULL,"0","0",NULL);
INSERT INTO usuario VALUES("7","Petra","Ballard","PR90004","21669268",NULL,NULL,NULL,"2020-10-30",NULL,"0","0",NULL);
INSERT INTO usuario VALUES("8","Nash","Barlow","PR90005","20684890",NULL,NULL,NULL,"2020-10-30",NULL,"0","0",NULL);
INSERT INTO usuario VALUES("9","Daria","Barnes","PR90006","14467596",NULL,NULL,NULL,"2020-10-30",NULL,"0","0",NULL);
INSERT INTO usuario VALUES("10","Vance","Barry","PR90007","11537358",NULL,NULL,NULL,"2020-10-30",NULL,"0","0",NULL);
INSERT INTO usuario VALUES("11","Len","Bauer","PR90008","20609060",NULL,NULL,NULL,"2020-10-30",NULL,"0","0",NULL);
INSERT INTO usuario VALUES("12","Brock","Beard","PR90009","19617326",NULL,NULL,NULL,"2020-10-30",NULL,"0","0",NULL);
INSERT INTO usuario VALUES("13","Giselle","Bond","PR90010","12618030",NULL,NULL,NULL,"2020-10-30",NULL,"0","0",NULL);
INSERT INTO usuario VALUES("14","Kathleen","Bradford","PR90011","24157590",NULL,NULL,NULL,"2020-10-30",NULL,"0","0",NULL);
INSERT INTO usuario VALUES("15","Samantha","Bradshaw","PR90012","15151583",NULL,NULL,NULL,"2020-10-30",NULL,"0","0",NULL);
INSERT INTO usuario VALUES("16","Lenore","Brady","PR90013","24306617",NULL,NULL,NULL,"2020-10-30",NULL,"0","0",NULL);
INSERT INTO usuario VALUES("17","Drake","Bray","PR90014","23758230",NULL,NULL,NULL,"2020-10-30",NULL,"0","0",NULL);
INSERT INTO usuario VALUES("18","Ian","Brooks","PR90015","15630879",NULL,NULL,NULL,"2020-10-30",NULL,"0","0",NULL);
INSERT INTO usuario VALUES("19","Boris","Brown","PR90016","15583560",NULL,NULL,NULL,"2020-10-30",NULL,"0","0",NULL);
INSERT INTO usuario VALUES("20","Louis","Bruce","PR90017","14187665",NULL,NULL,NULL,"2020-10-30",NULL,"0","0",NULL);
INSERT INTO usuario VALUES("21","Abigail","Buchanan","PR90018","19763883","$2y$10$1aMbmtpHBKE7mQKzU1Fr1.YRdNAckfsLvalTSP5YVYCu5vnGdFRGy","abuch@mail.com","1968-02-17","2020-10-30",NULL,"0","1","7");
INSERT INTO usuario VALUES("22","Gail","Bullock","PR90019","17032877",NULL,NULL,NULL,"2020-10-30",NULL,"0","0",NULL);
INSERT INTO usuario VALUES("23","Elvis","Cameron","PR90020","24904907",NULL,NULL,NULL,"2020-10-30",NULL,"0","0",NULL);
INSERT INTO usuario VALUES("24","Garrett","Carlson","PR90021","19247224",NULL,NULL,NULL,"2020-10-30",NULL,"0","0",NULL);
INSERT INTO usuario VALUES("25","Fuller","Cervantes","PR90022","13206018",NULL,NULL,NULL,"2020-10-30",NULL,"0","0",NULL);
INSERT INTO usuario VALUES("26","Owen","Chambers","PR90023","11080178",NULL,NULL,NULL,"2020-10-30",NULL,"0","0",NULL);
INSERT INTO usuario VALUES("27","Hedley","Clarke","PR90024","10725176",NULL,NULL,NULL,"2020-10-30",NULL,"0","0",NULL);
INSERT INTO usuario VALUES("28","Price","Collins","PR90025","16572676",NULL,NULL,NULL,"2020-10-30",NULL,"0","0",NULL);
INSERT INTO usuario VALUES("29","Nadine","Cortez","PR90026","12921202",NULL,NULL,NULL,"2020-10-30",NULL,"0","0",NULL);
INSERT INTO usuario VALUES("30","Savannah","Cotton","PR90027","20277607",NULL,NULL,NULL,"2020-10-30",NULL,"0","0",NULL);
INSERT INTO usuario VALUES("31","Drake","Crane","PR90028","24842771",NULL,NULL,NULL,"2020-10-30",NULL,"0","0",NULL);
INSERT INTO usuario VALUES("32","Nicole","Daniels","PR90029","24602983",NULL,NULL,NULL,"2020-10-30",NULL,"0","0",NULL);
INSERT INTO usuario VALUES("33","Rashad","Doyle","PR90030","13667844",NULL,NULL,NULL,"2020-10-30",NULL,"0","0",NULL);
INSERT INTO usuario VALUES("34","Hilda","Drake","PR90031","14628685",NULL,NULL,NULL,"2020-10-30",NULL,"0","0",NULL);
INSERT INTO usuario VALUES("35","Madonna","Farley","PR90032","20318629",NULL,NULL,NULL,"2020-10-30",NULL,"0","0",NULL);
INSERT INTO usuario VALUES("36","Ivana","Fields","PR90033","20752043",NULL,NULL,NULL,"2020-10-30",NULL,"0","0",NULL);
INSERT INTO usuario VALUES("37","Emmanuel","Fisher","PR90034","20574466",NULL,NULL,NULL,"2020-10-30",NULL,"0","0",NULL);
INSERT INTO usuario VALUES("38","Oliver","Foreman","PR90035","19085599",NULL,NULL,NULL,"2020-10-30",NULL,"0","0",NULL);
INSERT INTO usuario VALUES("39","Prescott","Franco","PR90036","23803239",NULL,NULL,NULL,"2020-10-30",NULL,"0","0",NULL);
INSERT INTO usuario VALUES("40","Anastasia","Gentry","PR90037","19947972",NULL,NULL,NULL,"2020-10-30",NULL,"0","0",NULL);
INSERT INTO usuario VALUES("41","Hayley","Good","PR90038","23523841",NULL,NULL,NULL,"2020-10-30",NULL,"0","0",NULL);
INSERT INTO usuario VALUES("42","Jaquelyn","Griffin","PR90039","23432540",NULL,NULL,NULL,"2020-10-30",NULL,"0","0",NULL);
INSERT INTO usuario VALUES("43","Lars","Hardy","PR90040","21262344",NULL,NULL,NULL,"2020-10-30",NULL,"0","0",NULL);
INSERT INTO usuario VALUES("44","Darrel","Hartman","PR90041","21185275",NULL,NULL,NULL,"2020-10-30",NULL,"0","0",NULL);
INSERT INTO usuario VALUES("45","Kasimir","Hatfield","PR90042","10462925",NULL,NULL,NULL,"2020-10-30",NULL,"0","0",NULL);
INSERT INTO usuario VALUES("46","Pearl","Herman","PR90043","17350654",NULL,NULL,NULL,"2020-10-30",NULL,"0","0",NULL);
INSERT INTO usuario VALUES("47","Shad","Higgins","PR90044","20557761",NULL,NULL,NULL,"2020-10-30",NULL,"0","0",NULL);
INSERT INTO usuario VALUES("48","Kalia","Higgins","PR90045","11546781",NULL,NULL,NULL,"2020-10-30",NULL,"0","0",NULL);
INSERT INTO usuario VALUES("49","Sydnee","Hogan","PR90046","18531701",NULL,NULL,NULL,"2020-10-30",NULL,"0","0",NULL);
INSERT INTO usuario VALUES("50","Anastasia","Holcomb","PR90047","15395201",NULL,NULL,NULL,"2020-10-30",NULL,"0","0",NULL);
INSERT INTO usuario VALUES("51","Uriah","Hood","PR90048","16763857",NULL,NULL,NULL,"2020-10-30",NULL,"0","0",NULL);
INSERT INTO usuario VALUES("52","Fritz","Hopkins","PR90049","10892106",NULL,NULL,NULL,"2020-10-30",NULL,"0","0",NULL);
INSERT INTO usuario VALUES("53","Wendy","Hubbard","PR90050","22865049",NULL,NULL,NULL,"2020-10-30",NULL,"0","0",NULL);
INSERT INTO usuario VALUES("54","Bradley","Huffman","PR90051","20484134",NULL,NULL,NULL,"2020-10-30",NULL,"0","0",NULL);
INSERT INTO usuario VALUES("55","Jolie","Hutchinson","PR90052","15838695",NULL,NULL,NULL,"2020-10-30",NULL,"0","0",NULL);
INSERT INTO usuario VALUES("56","Warren","Hyde","PR90053","12406334",NULL,NULL,NULL,"2020-10-30",NULL,"0","0",NULL);
INSERT INTO usuario VALUES("57","Deborah","Jefferson","PR90054","16737751",NULL,NULL,NULL,"2020-10-30",NULL,"0","0",NULL);
INSERT INTO usuario VALUES("58","Gavin","Johnson","PR90055","12809807",NULL,NULL,NULL,"2020-10-30",NULL,"0","0",NULL);
INSERT INTO usuario VALUES("59","Dieter","Kaufman","PR90056","11865383",NULL,NULL,NULL,"2020-10-30",NULL,"0","0",NULL);
INSERT INTO usuario VALUES("60","Blaze","Kent","PR90057","18306692",NULL,NULL,NULL,"2020-10-30",NULL,"0","0",NULL);
INSERT INTO usuario VALUES("61","Colleen","Kinney","PR90058","12295784",NULL,NULL,NULL,"2020-10-30",NULL,"0","0",NULL);
INSERT INTO usuario VALUES("62","Emi","Klein","PR90059","11858591",NULL,NULL,NULL,"2020-10-30",NULL,"0","0",NULL);
INSERT INTO usuario VALUES("63","Lillith","Knapp","PR90069","19110060",NULL,NULL,NULL,"2020-10-30",NULL,"0","0",NULL);
INSERT INTO usuario VALUES("64","admin","admin",NULL,NULL,"$2y$10$97QMwPpsJpUVj7PRY10HCuhF0Qpi0l9dJKOhRaWRFP6yPQThK9ifS","admin@dayclass.com",NULL,"2020-07-01",NULL,"1","1","3");





CREATE TABLE `vigenciasesion` (
  `id` int(11) NOT NULL AUTO_INCREMENT,
  `duracionSesion` int(11) NOT NULL,
  PRIMARY KEY (`id`)
) ENGINE=MyISAM AUTO_INCREMENT=2 DEFAULT CHARSET=utf8mb4;

INSERT INTO vigenciasesion VALUES("1","40");



